index	廣韻小韻	middle_chinese_transcription	mandarin
1	東	通開一平東端	tuwng	tuŋ
2	同	通開一平東定	duwng	tɦȕŋ
3	中	通開三平東知	trjuwng	tʃyuŋ
4	蟲	通開三平東澄	drjuwng	tʃɦyȕŋ
5	終	通開三平東章	tsyuwng	tʃyuŋ
6	忡	通開三平東徹	trhjuwng	tʃhyuŋ
7	崇	通開三平東崇	dzrjuwng	ʈʂɦȕŋ
8	嵩	通開三平東心	sjuwng	syuŋ
9	戎	通開三平東日	nyuwng	ʒyȕŋ
10	弓	通開三平東見	kjuwng	kyuŋ
11	融	通開三平東以	yuwng	jyȕŋ
12	雄	通開三平東云	hjuwng	jyȕŋ
13	瞢	通開三平東明	mjuwng	mȕŋ
14	穹	通開三平東溪	khjuwng	khyuŋ
15	窮	通開三平東羣	gjuwng	kɦyȕŋ
16	馮	通開三平東並	bjuwng	fvȕŋ
17	風	通開三平東幫	pjuwng	fuŋ
18	豐	通開三平東滂	phjuwng	fuŋ
19	充	通開三平東昌	tsyhuwng	tʃhyuŋ
20	隆	通開三平東來	ljuwng	lyȕŋ
21	空	通開一平東溪	khuwng	khuŋ
22	公	通開一平東見	kuwng	kuŋ
23	蒙	通開一平東明	muwng	mȕŋ
24	籠	通開一平東來	luwng	lȕŋ
25	洪	通開一平東匣	huwng	ɦȕŋ
26	叢	通開一平東從	dzuwng	tsɦȕŋ
27	翁	通開一平東影	'uwng	ʔuŋ
28	怱	通開一平東清	tshuwng	tshuŋ
29	通	通開一平東透	thuwng	thuŋ
30	葼	通開一平東精	tsuwng	tsuŋ
31	蓬	通開一平東並	buwng	pɦȕŋ
32	烘	通開一平東曉	xuwng	huŋ
33	㟅	通開一平東疑	nguwng	ŋȕŋ
34	檧	通開一平東心	suwng	suŋ
35	冬	通開一平冬端	towng	tuŋ
36	彤	通開一平冬定	downg	tɦȕŋ
37	賨	通開一平冬從	dzowng	tsɦȕŋ
38	農	通開一平冬泥	nowng	nȕŋ
39	攻	通開一平冬見	kowng	kuŋ
40	䃔	通開一平冬匣	howng	ɦȕŋ
41	䃧	通開一平冬來	lowng	lȕŋ
42	宗	通開一平冬精	tsowng	tsuŋ
43	鬆	通開一平冬心	sowng	suŋ
44	炵	通開一平冬透	thowng	thuŋ
45	鍾	通開三平鍾章	tsyowng	tʃyuŋ
46	龍	通開三平鍾來	ljowng	lyȕŋ
47	舂	通開三平鍾書	syowng	ʃyuŋ
48	松	通開三平鍾邪	zjowng	szyȕŋ
49	𧘂	通開三平鍾昌	tsyhowng	tʃhyuŋ
50	容	通開三平鍾以	yowng	jyȕŋ
51	封	通開三平鍾幫	pjowng	fuŋ
52	胷	通開三平鍾曉	xjowng	hyuŋ
53	顒	通開三平鍾疑	ngjowng	ŋjyȕŋ
54	邕	通開三平鍾影	'jowng	ʔyuŋ
55	醲	通開三平鍾孃	nrjowng	nyȕŋ
56	重	通開三平鍾澄	drjowng	tʃɦyȕŋ
57	從	通開三平鍾從	dzjowng	tsɦyȕŋ
58	蹱	通開三平鍾徹	trhjowng	tʃhyuŋ
59	逢	通開三平鍾並	bjowng	fvȕŋ
60	峯	通開三平鍾滂	phjowng	fuŋ
61	縱	通開三平鍾精	tsjowng	tsyuŋ
62	茸	通開三平鍾日	nyowng	ʒyȕŋ
63	蛩	通開三平鍾羣	gjowng	kɦyȕŋ
64	鱅	通開三平鍾常	dzyowng	ʃʒyȕŋ
65	恭	通開三平鍾見	kjowng	kyuŋ
66	蜙	通開三平鍾心	sjowng	syuŋ
67	樅	通開三平鍾清	tshjowng	tshyuŋ
68	銎	通開三平鍾溪	khjowng	khyuŋ
69	江	江開二平江見	kaewng	kiɑŋ
70	厖	江開二平江明	maewng	mɑ̏ŋ
71	𦗳	江開二平江孃	nraewng	nɑ̏ŋ
72	囪	江開二平江初	tsrhaewng	ʈʂhwɑŋ
73	邦	江開二平江幫	paewng	pɑŋ
74	栙	江開二平江匣	haewng	ɦiɑ̏ŋ
75	胮	江開二平江滂	phaewng	phɑŋ
76	瀧	江開二平江來	laewng	lɑ̏ŋ
77	雙	江開二平江生	sraewng	ʂwɑŋ
78	龐	江開二平江並	baewng	pɦɑ̏ŋ
79	肛	江開二平江曉	xaewng	hiɑŋ
80	胦	江開二平江影	'aewng	ʔiɑŋ
81	腔	江開二平江溪	khaewng	khiɑŋ
82	幢	江開二平江澄	draewng	ʈʂɦwɑ̏ŋ
83	憃	江開二平江徹	trhaewng	ʈʂhwɑŋ
84	樁	江開二平江知	traewng	ʈʂwɑŋ
85	㟅	江開二平江疑	ngaewng	ŋjiɑ̏ŋ
86	淙	江開二平江崇	dzraewng	ʈʂɦwɑ̏ŋ
87	支	止開三平支章	tsye	tʃiɨ
88	移	止開三平支以	ye	jȉ
89	爲	止合三平支云	hjwe	ȕi
90	嬀	止合三平支見B	kjwe	kui
91	𪎮	止合三平支曉B	xjwe	hui
92	逶	止合三平支影B	'jwe	ʔui
93	糜	止開三平支明B	mje	mȉ
94	隓	止合三平支曉A	xjwie	hui
95	鬌	止合三平支澄	drjwe	ʈʂɦȕi
96	𡍮	止合三平支常	dzywe	ʂʐȕi
97	羸	止合三平支來	ljwe	lȕi
98	吹	止合三平支昌	tsyhwe	ʈʂhui
99	鈹	止開三平支滂B	phje	phi
100	陂	止開三平支幫B	pje	pi
101	隨	止合三平支邪	zjwe	szȕi
102	虧	止合三平支溪B	khjwe	khui
103	闚	止合三平支溪A	khjwie	khui
104	竒	止開三平支羣B	gje	kɦȉ
105	祇	止開三平支羣A	gjie	kɦȉ
106	犧	止開三平支曉B	xje	hi
107	㩻	止開三平支溪B	khje	khi
108	宜	止開三平支疑B	ngje	ŋjȉ
109	皮	止開三平支並B	bje	pɦȉ
110	提	止開三平支常	dzye	ʃʒiɨ̏
111	兒	止開三平支日	nye	ɻ̏
112	離	止開三平支來	lje	lȉ
113	疵	止開三平支從	dzje	tsɦɨ̏
114	貲	止開三平支精	tsje	tsɨ
115	羈	止開三平支見B	kje	ki
116	卑	止開三平支幫A	pjie	pi
117	陴	止開三平支並A	bjie	pɦȉ
118	䌳	止開三平支書	sye	ʃiɨ
119	斯	止開三平支心	sje	sɨ
120	差	止開三平支初	tsrhje	ʈʂhɨ
121	摛	止開三平支徹	trhje	tʃhi
122	彌	止開三平支明A	mjie	mȉ
123	雌	止開三平支清	tshje	tshɨ
124	知	止開三平支知	trje	tʃi
125	漪	止開三平支影B	'je	ʔi
126	馳	止開三平支澄	drje	tʃɦȉ
127	眭	止合三平支心	sjwe	sui
128	危	止合三平支疑B	ngjwe	ŋȕi
129	詑	止開三平支曉A	xjie	hi
130	釃	止開三平支生	srje	ʂɨ
131	䪎	止合三平支生	srjwe	ʂui
132	痿	止合三平支日	nywe	ʒȕi
133	厜	止開三平支精	tsje	tsɨ
134	𩓸	止合三平支見A	kjwie	kui
135	劑	止合三平支精	tsjwe	tsui
136	衰	止合三平支初	tsrhjwe	ʈʂhui
137	腄	止合三平支知	trjwe	ʈʂui
138	䮔	止合三平支精	tsjwe	tsui
139	眵	止開三平支昌	tsyhe	tʃhiɨ
140	齜	止開三平支莊	tsrje	ʈʂɨ
141	𤿎	止開三平支滂A	phjie	phi
142	䔺	止合三平支以	ywe	ȕi
143	齹	止開三平支崇	dzrje	ʈʂɦɨ̏
144	脂	止開三平脂章	tsyij	tʃiɨ
145	姨	止開三平脂以	yij	jȉ
146	師	止開三平脂生	srij	ʂɨ
147	𣬈	止開三平脂並A	bjij	pɦȉ
148	咨	止開三平脂精	tsij	tsɨ
149	飢	止開三平脂見B	kij	ki
150	鴟	止開三平脂昌	tsyhij	tʃhiɨ
151	絺	止開三平脂徹	trhij	tʃhi
152	郪	止開三平脂清	tshij	tshɨ
153	茨	止開三平脂從	dzij	tsɦɨ̏
154	尼	止開三平脂孃	nrij	nȉ
155	墀	止開三平脂澄	drij	tʃɦȉ
156	私	止開三平脂心	sij	sɨ
157	尸	止開三平脂書	syij	ʃiɨ
158	鬐	止開三平脂羣B	gij	kɦȉ
159	伊	止開三平脂影A	'jij	ʔi
160	棃	止開三平脂來	lij	lȉ
161	葵	止合三平脂羣A	gjwij	kɦȕi
162	追	止合三平脂知	trwij	ʈʂui
163	龜	止合三平脂見B	kwij	kui
164	蕤	止合三平脂日	nywij	ʒȕi
165	衰	止合三平脂生	srwij	ʂui
166	惟	止合三平脂以	ywij	ȕi
167	㶟	止合三平脂來	lwij	lȕi
168	綏	止合三平脂心	swij	sui
169	逵	止合三平脂羣B	gwij	kɦȕi
170	眉	止開三平脂明B	mij	mȉ
171	悲	止開三平脂幫B	pij	pi
172	錐	止合三平脂章	tsywij	ʈʂui
173	誰	止合三平脂常	dzywij	ʂʐȕi
174	帷	止合三平脂云	hwij	ȕi
175	邳	止開三平脂並B	bij	pɦȉ
176	丕	止開三平脂滂B	phij	phi
177	倠	止合三平脂曉A	xjwij	hui
178	鎚	止合三平脂澄	drwij	ʈʂɦȕi
179	推	止合三平脂昌	tsyhwij	ʈʂhui
180	胝	止開三平脂知	trij	tʃi
181	紕	止開三平脂滂A	phjij	phi
182	嶉	止合三平脂精	tswij	tsui
183	巋	止合三平脂溪B	khwij	khui
184	狋	止開三平脂疑B	ngij	ŋjȉ
185	咦	止開三平脂曉A	xjij	hi
186	之	止開三平之章	tsyi	tʃiɨ
187	飴	止開三平之以	yi	jȉ
188	時	止開三平之常	dzyi	ʃʒiɨ̏
189	疑	止開三平之疑	ngi	ŋjȉ
190	思	止開三平之心	si	sɨ
191	輜	止開三平之初	tsrhi	ʈʂhɨ
192	其	止開三平之羣	gi	kɦȉ
193	詩	止開三平之書	syi	ʃiɨ
194	而	止開三平之日	nyi	ɻ̏
195	欺	止開三平之溪	khi	khi
196	姬	止開三平之見	ki	ki
197	詞	止開三平之邪	zi	szɨ̏
198	釐	止開三平之來	li	lȉ
199	葘	止開三平之莊	tsri	ʈʂɨ
200	僖	止開三平之曉	xi	hi
201	醫	止開三平之影	'i	ʔi
202	癡	止開三平之徹	trhi	tʃhi
203	治	止開三平之澄	dri	tʃɦȉ
204	蚩	止開三平之昌	tsyhi	tʃhiɨ
205	慈	止開三平之從	dzi	tsɦɨ̏
206	兹	止開三平之精	tsi	tsɨ
207	茬	止開三平之崇	dzri	ʈʂɦɨ̏
208	漦	止開三平之俟	zri	ʂʐɨ̏
209	抾	止開三平之溪	khi	khi
210	䀵	止開三平之書	syi	ʃiɨ
211	微	止合三平微明	mj+j	vȉ
212	揮	止合三平微曉	xjw+j	hui
213	幃	止合三平微云	hjw+j	ȕi
214	霏	止合三平微滂	phj+j	fi
215	猆	止合三平微幫	pj+j	fi
216	肥	止合三平微並	bj+j	fvȉ
217	威	止合三平微影	'jw+j	ʔui
218	祈	止開三平微羣	gj+j	kɦȉ
219	機	止開三平微見	kj+j	ki
220	希	止開三平微曉	xj+j	hi
221	依	止開三平微影	'j+j	ʔi
222	沂	止開三平微疑	ngj+j	ŋjȉ
223	巍	止合三平微疑	ngjw+j	ŋȕi
224	歸	止合三平微見	kjw+j	kui
225	蘬	止合三平微溪	khjw+j	khui
226	魚	遇開三平魚疑	ngjo	ŋjy̏
227	初	遇開三平魚初	tsrhjo	ʈʂhu
228	書	遇開三平魚書	syo	ʃy
229	居	遇開三平魚見	kjo	ky
230	渠	遇開三平魚羣	gjo	kɦy̏
231	余	遇開三平魚以	yo	jy̏
232	胥	遇開三平魚心	sjo	sy
233	疽	遇開三平魚清	tshjo	tshy
234	鉏	遇開三平魚崇	dzrjo	ʈʂɦȕ
235	攄	遇開三平魚徹	trhjo	tʃhy
236	䟽	遇開三平魚生	srjo	ʂu
237	虚	遇開三平魚曉	xjo	hy
238	徐	遇開三平魚邪	zjo	szy̏
239	於	遇開三平魚影	'jo	ʔy
240	豬	遇開三平魚知	trjo	tʃy
241	臚	遇開三平魚來	ljo	ly̏
242	諸	遇開三平魚章	tsyo	tʃy
243	除	遇開三平魚澄	drjo	tʃɦy̏
244	如	遇開三平魚日	nyo	ʒy̏
245	且	遇開三平魚精	tsjo	tsy
246	虚	遇開三平魚溪	khjo	khy
247	菹	遇開三平魚莊	tsrjo	ʈʂu
248	蜍	遇開三平魚常	dzyo	ʃʒy̏
249	袽	遇開三平魚孃	nrjo	ny̏
250	虞	遇合三平虞疑	ngju	ŋjy̏
251	芻	遇合三平虞初	tsrhju	ʈʂhu
252	無	遇合三平虞明	mju	vȕ
253	于	遇合三平虞云	hju	jy̏
254	訏	遇合三平虞曉	xju	hy
255	衢	遇合三平虞羣	gju	kɦy̏
256	儒	遇合三平虞日	nyu	ʒy̏
257	須	遇合三平虞心	sju	sy
258	株	遇合三平虞知	trju	tʃy
259	貙	遇合三平虞徹	trhju	tʃhy
260	殊	遇合三平虞常	dzyu	ʃʒy̏
261	逾	遇合三平虞以	yu	jy̏
262	區	遇合三平虞溪	khju	khy
263	朱	遇合三平虞章	tsyu	tʃy
264	趨	遇合三平虞清	tshju	tshy
265	慺	遇合三平虞來	lju	ly̏
266	扶	遇合三平虞並	bju	fvȕ
267	䅳	遇合三平虞崇	dzrju	ʈʂɦȕ
268	㑳	遇合三平虞莊	tsrju	ʈʂu
269	敷	遇合三平虞滂	phju	fu
270	諏	遇合三平虞精	tsju	tsy
271	跗	遇合三平虞幫	pju	fu
272	紆	遇合三平虞影	'ju	ʔy
273	輸	遇合三平虞書	syu	ʃy
274	樞	遇合三平虞昌	tsyhu	tʃhy
275	廚	遇合三平虞澄	drju	tʃɦy̏
276	拘	遇合三平虞見	kju	ky
277	毹	遇合三平虞生	srju	ʂu
278	模	遇開一平模明	mu	mȕ
279	酺	遇開一平模並	bu	pɦȕ
280	胡	遇開一平模匣	hu	ɦȕ
281	孤	遇開一平模見	ku	ku
282	徒	遇開一平模定	du	tɦȕ
283	奴	遇開一平模泥	nu	nȕ
284	呼	遇開一平模曉	xu	hu
285	吾	遇開一平模疑	ngu	ŋȕ
286	租	遇開一平模精	tsu	tsu
287	盧	遇開一平模來	lu	lȕ
288	蘇	遇開一平模心	su	su
289	徂	遇開一平模從	dzu	tsɦȕ
290	烏	遇開一平模影	'u	ʔu
291	逋	遇開一平模幫	pu	pu
292	枯	遇開一平模溪	khu	khu
293	麤	遇開一平模清	tshu	tshu
294	㻌	遇開一平模透	thu	thu
295	都	遇開一平模端	tu	tu
296	𥠵	遇開一平模滂	phu	phu
297	齊	蟹開四平齊從	dzej	tsɦiɪ̏i
298	黎	蟹開四平齊來	lej	liɪ̏i
299	妻	蟹開四平齊清	tshej	tshiɪi
300	低	蟹開四平齊端	tej	tiɪi
301	嗁	蟹開四平齊定	dej	tɦiɪ̏i
302	豍	蟹開四平齊幫	pej	piɪi
303	雞	蟹開四平齊見	kej	kiɪi
304	奚	蟹開四平齊匣	hej	ɦiɪ̏i
305	鷖	蟹開四平齊影	'ej	ʔiɪi
306	倪	蟹開四平齊疑	ngej	ŋjiɪ̏i
307	醯	蟹開四平齊曉	xej	hiɪi
308	西	蟹開四平齊心	sej	siɪi
309	梯	蟹開四平齊透	thej	thiɪi
310	鼙	蟹開四平齊並	bej	pɦiɪ̏i
311	磇	蟹開四平齊滂	phej	phiɪi
312	齎	蟹開四平齊精	tsej	tsiɪi
313	迷	蟹開四平齊明	mej	miɪ̏i
314	泥	蟹開四平齊泥	nej	niɪ̏i
315	谿	蟹開四平齊溪	khej	khiɪi
316	圭	蟹合四平齊見	kwej	kui
317	睽	蟹合四平齊溪	khwej	khui
318	攜	蟹合四平齊匣	hwej	ɦȕi
319	臡	蟹開四平齊日	nyej	ʒiɪ̏i
320	栘	蟹開四平齊常	dzyej	ʃʒiɪ̏i
321	烓	蟹合四平齊影	'wej	ʔui
322	睳	蟹合四平齊曉	xwej	hui
323	佳	蟹開二平佳見	kea	kiai
324	㥟	蟹開二平佳匣	hea	ɦiȁi
325	牌	蟹開二平佳並	bea	pɦȁi
326	媧	蟹合二平佳見	kwea	kwa
327	蛙	蟹合二平佳影	'wea	ʔwa
328	咼	蟹合二平佳溪	khwea	khwa
329	柴	蟹開二平佳崇	dzrea	ʈʂɦȁi
330	釵	蟹開二平佳初	tsrhea	ʈʂhai
331	竵	蟹合二平佳曉	xwea	hwa
332	䍲	蟹開二平佳孃	nrea	nȁi
333	崖	蟹開二平佳疑	ngea	ŋjiȁi
334	娃	蟹開二平佳影	'ea	ʔiai
335	崽	蟹開二平佳生	srea	ʂai
336	㗨	蟹開二平佳曉	xea	hiai
337	扠	蟹開二平佳徹	trhea	ʈʂhai
338	䁲	蟹開二平佳明	mea	mȁi
339	鼃	蟹合二平佳匣	hwea	ɦwȁ
340	皆	蟹開二平皆見	keaj	kiai
341	𢰇	蟹開二平皆影	'eaj	ʔiai
342	諧	蟹開二平皆匣	heaj	ɦiȁi
343	排	蟹開二平皆並	beaj	pɦȁi
344	乖	蟹合二平皆見	kweaj	kwai
345	懷	蟹合二平皆匣	hweaj	ɦwȁi
346	匯	蟹合二平皆溪	khweaj	khwai
347	豺	蟹開二平皆崇	dzreaj	ʈʂɦȁi
348	差	蟹開二平皆初	tsrheaj	ʈʂhai
349	虺	蟹合二平皆曉	xweaj	hwai
350	尵	蟹合二平皆澄	drweaj	ʈʂɦwȁi
351	埋	蟹開二平皆明	meaj	mȁi
352	齋	蟹開二平皆莊	tsreaj	ʈʂai
353	崴	蟹合二平皆影	'weaj	ʔwai
354	𪘨	蟹開二平皆知	treaj	ʈʂai
355	唻	蟹開二平皆來	leaj	lȁi
356	揩	蟹開二平皆溪	kheaj	khiai
357	摨	蟹開二平皆孃	nreaj	nȁi
358	崽	蟹開二平皆生	sreaj	ʂai
359	𩂢	蟹開二平皆疑	ngeaj	ŋjiȁi
360	搋	蟹開二平皆徹	trheaj	ʈʂhai
361	𢓬	蟹開二平皆曉	xeaj	hiai
362	䐯	蟹合二平皆來	lweaj	lwȁi
363	膗	蟹合二平皆崇	dzrweaj	ʈʂɦwȁi
364	灰	蟹合一平灰曉	xwoj	hui
365	恢	蟹合一平灰溪	khwoj	khui
366	隈	蟹合一平灰影	'woj	ʔui
367	回	蟹合一平灰匣	hwoj	ɦȕi
368	枚	蟹合一平灰明	mwoj	mȕi
369	傀	蟹合一平灰見	kwoj	kui
370	雷	蟹合一平灰來	lwoj	lȕi
371	穨	蟹合一平灰定	dwoj	tɦȕi
372	崔	蟹合一平灰清	tshwoj	tshui
373	磓	蟹合一平灰端	twoj	tui
374	𤗯	蟹合一平灰心	swoj	sui
375	摧	蟹合一平灰從	dzwoj	tsɦȕi
376	裴	蟹合一平灰並	bwoj	pɦȕi
377	桮	蟹合一平灰幫	pwoj	pui
378	肧	蟹合一平灰滂	phwoj	phui
379	鮠	蟹合一平灰疑	ngwoj	ŋȕi
380	𨌴	蟹合一平灰透	thwoj	thui
381	𢅼	蟹合一平灰泥	nwoj	nȕi
382	嗺	蟹合一平灰精	tswoj	tsui
383	咍	蟹開一平咍曉	xoj	hai
384	開	蟹開一平咍溪	khoj	khai
385	哀	蟹開一平咍影	'oj	ʔai
386	臺	蟹開一平咍定	doj	tɦȁi
387	該	蟹開一平咍見	koj	kai
388	裁	蟹開一平咍從	dzoj	tsɦȁi
389	來	蟹開一平咍來	loj	lȁi
390	烖	蟹開一平咍精	tsoj	tsai
391	猜	蟹開一平咍清	tshoj	tshai
392	𤗏	蟹開一平咍並	boj	pɦȁi
393	胎	蟹開一平咍透	thoj	thai
394	孩	蟹開一平咍匣	hoj	ɦȁi
395	鰓	蟹開一平咍心	soj	sai
396	皚	蟹開一平咍疑	ngoj	ŋȁi
397	能	蟹開一平咍泥	noj	nȁi
398	𪒴	蟹開一平咍端	toj	tai
399	㹗	蟹開一平咍昌	tsyhoj	tʃhai
400	𡜊	蟹開一平咍滂	phoj	phai
401	眞	臻開三平眞章	tsyin	tʃin
402	𤣆	臻開三平眞徹	trhin	tʃhin
403	因	臻開三平眞影A	'jin	ʔin
404	新	臻開三平眞心	sin	sin
405	辰	臻開三平眞常	dzyin	tʃɦȉn
406	仁	臻開三平眞日	nyin	ʒȉn
407	神	臻開三平眞船	zyin	ʃʒȉn
408	親	臻開三平眞清	tshin	tshin
409	礥	臻開三平眞云	hin	jȉn
410	申	臻開三平眞書	syin	ʃin
411	賔	臻開三平眞幫A	pjin	pin
412	㷠	臻開三平眞來	lin	lȉn
413	𥎊	臻開三平眞羣B	gin	kɦȉn
414	珍	臻開三平眞知	trin	tʃin
415	陳	臻開三平眞澄	drin	tʃɦȉn
416	津	臻開三平眞精	tsin	tsin
417	瞋	臻開三平眞昌	tsyhin	tʃhin
418	秦	臻開三平眞從	dzin	tsɦȉn
419	寅	臻開三平眞以	yin	jȉn
420	紉	臻開三平眞孃	nrin	nȉn
421	繽	臻開三平眞滂A	phjin	phin
422	頻	臻開三平眞並A	bjin	pɦȉn
423	銀	臻開三平眞疑B	ngin	ŋjȉn
424	巾	臻開三平眞見B	kin	kin
425	麏	臻合三平眞見B	kwin	kyun
426	筠	臻合三平眞云	hwin	jyȕn
427	囷	臻合三平眞溪B	khwin	khyun
428	珉	臻開三平眞明B	min	mȉn
429	貧	臻開三平眞並B	bin	pɦȉn
430	𪔗	臻開三平眞影B	'in	ʔin
431	贇	臻合三平眞影B	'win	ʔyun
432	彬	臻開三平眞幫B	pin	pin
433	民	臻開三平眞明A	mjin	mȉn
434	諄	臻合三平諄章	tsywin	tʃyun
435	椿	臻合三平諄徹	trhwin	tʃhyun
436	䣩	臻合三平諄澄	drwin	tʃɦyȕn
437	荀	臻合三平諄心	swin	syun
438	純	臻合三平諄常	dzywin	ʃʒyȕn
439	犉	臻合三平諄日	nywin	ʒyȕn
440	脣	臻合三平諄船	zywin	ʃʒyȕn
441	淪	臻合三平諄來	lwin	lyȕn
442	屯	臻合三平諄知	trwin	tʃyun
443	逡	臻合三平諄清	tshwin	tshyun
444	遵	臻合三平諄精	tswin	tsyun
445	春	臻合三平諄昌	tsyhwin	tʃhyun
446	鷷	臻合三平諄從	dzwin	tsɦyȕn
447	勻	臻合三平諄以	ywin	jyȕn
448	旬	臻合三平諄邪	zwin	szyȕn
449	均	臻合三平諄見	kjwin	kyun
450	𧼒	臻開三平眞羣A	gjin	kɦȉn
451	砏	臻開三平眞滂B	phin	phin
452	臻	臻開三平臻莊	tsrin	ʈʂən
453	莘	臻開三平臻生	srin	ʂən
454	𦿒	臻開三平臻崇	dzrin	ʈʂɦə̏n
455	文	臻合三平文明	mjun	vȕn
456	雲	臻合三平文云	hjun	jyȕn
457	煴	臻合三平文影	'jun	ʔyun
458	汾	臻合三平文並	bjun	fvȕn
459	分	臻合三平文幫	pjun	fun
460	羣	臻合三平文羣	gjun	kɦyȕn
461	薰	臻合三平文曉	xjun	hyun
462	君	臻合三平文見	kjun	kyun
463	芬	臻合三平文滂	phjun	fun
464	欣	臻開三平欣曉	xj+n	hin
465	殷	臻開三平欣影	'j+n	ʔin
466	勤	臻開三平欣羣	gj+n	kɦȉn
467	斤	臻開三平欣見	kj+n	kin
468	䖐	臻開三平欣疑	ngj+n	ŋjȉn
469	元	臻合三平元疑	ngjwon	ŋjyuɛ̏n
470	袁	臻合三平元云	hjwon	jyuɛ̏n
471	煩	臻合三平元並	bjon	fvȁn
472	飜	臻合三平元滂	phjon	fan
473	暄	臻合三平元曉	xjwon	hyuɛn
474	鴛	臻合三平元影	'jwon	ʔyuɛn
475	言	臻開三平元疑	ngjon	ŋjiɛ̏n
476	攑	臻開三平元溪	khjon	khiɛn
477	軒	臻開三平元曉	xjon	hiɛn
478	𢳚	臻開三平元見	kjon	kiɛn
479	蔫	臻開三平元影	'jon	ʔiɛn
480	蕃	臻合三平元幫	pjon	fan
481	𥴤	臻開三平元羣	gjon	kɦiɛ̏n
482	樠	臻合三平元明	mjon	vȁn
483	䰟	臻合一平魂匣	hwon	ɦȕn
484	昆	臻合一平魂見	kwon	kun
485	𥁕	臻合一平魂影	'won	ʔun
486	門	臻合一平魂明	mwon	mȕn
487	孫	臻合一平魂心	swon	sun
488	尊	臻合一平魂精	tswon	tsun
489	存	臻合一平魂從	dzwon	tsɦȕn
490	敦	臻合一平魂端	twon	tun
491	暾	臻合一平魂透	thwon	thun
492	屯	臻合一平魂定	dwon	tɦȕn
493	村	臻合一平魂清	tshwon	tshun
494	㑮	臻合一平魂疑	ngwon	ŋȕn
495	盆	臻合一平魂並	bwon	pɦȕn
496	奔	臻合一平魂幫	pwon	pun
497	論	臻合一平魂來	lwon	lȕn
498	坤	臻合一平魂溪	khwon	khun
499	昏	臻合一平魂曉	xwon	hun
500	濆	臻合一平魂滂	phwon	phun
501	黁	臻合一平魂泥	nwon	nȕn
502	痕	臻開一平痕匣	hon	ɦə̏n
503	根	臻開一平痕見	kon	kən
504	恩	臻開一平痕影	'on	ʔən
505	吞	臻開一平痕透	thon	thən
506	垠	臻開一平痕疑	ngon	ŋə̏n
507	寒	山開一平寒匣	han	ɦɑ̏n
508	豻	山開一平寒疑	ngan	ŋɑ̏n
509	單	山開一平寒端	tan	tan
510	安	山開一平寒影	'an	ʔɑn
511	難	山開一平寒泥	nan	nȁn
512	餐	山開一平寒清	tshan	tshan
513	灘	山開一平寒透	than	than
514	𦙽	山開一平寒心	san	san
515	壇	山開一平寒定	dan	tɦȁn
516	殘	山開一平寒從	dzan	tsɦȁn
517	干	山開一平寒見	kan	kɑn
518	蘭	山開一平寒來	lan	lȁn
519	看	山開一平寒溪	khan	khɑn
520	頇	山開一平寒曉	xan	hɑn
521	濡	山合一平桓泥	nwan	nwɔ̏n
522	桓	山合一平桓匣	hwan	ɦwɔ̏n
523	岏	山合一平桓疑	ngwan	ŋwɔ̏n
524	端	山合一平桓端	twan	twɔn
525	剜	山合一平桓影	'wan	ʔwɔn
526	湍	山合一平桓透	thwan	thwɔn
527	酸	山合一平桓心	swan	swɔn
528	團	山合一平桓定	dwan	tɦwɔ̏n
529	櫕	山合一平桓從	dzwan	tsɦwɔ̏n
530	官	山合一平桓見	kwan	kwɔn
531	鑾	山合一平桓來	lwan	lwɔ̏n
532	歡	山合一平桓曉	xwan	hwɔn
533	寬	山合一平桓溪	khwan	khwɔn
534	鑚	山合一平桓精	tswan	tswɔn
535	槃	山合一平桓並	ban	pɦwɔ̏n
536	瞞	山合一平桓明	man	mwɔ̏n
537	潘	山合一平桓滂	phan	phwɔn
538	𤳖	山合一平桓幫	pan	pwɔn
539	刪	山開二平刪生	sraen	ʂan
540	關	山合二平刪見	kwaen	kwan
541	彎	山合二平刪影	'waen	ʔwan
542	𣠯	山合二平刪生	srwaen	ʂwan
543	還	山合二平刪匣	hwaen	ɦwȁn
544	班	山開二平刪幫	paen	pan
545	蠻	山開二平刪明	maen	mȁn
546	顏	山開二平刪疑	ngaen	ŋjiȁn
547	姦	山開二平刪見	kaen	kian
548	攀	山開二平刪滂	phaen	phan
549	奻	山合二平刪孃	nrwaen	nwȁn
550	𤸷	山合二平刪疑	ngwaen	ŋwȁn
551	馯	山開二平刪溪	khaen	khian
552	豻	山開二平刪溪	khaen	khian
553	跧	山合二平刪莊	tsrwaen	ʈʂwan
554	山	山開二平山生	srean	ʂan
555	鰥	山合二平山見	kwean	kwan
556	閒	山開二平山見	kean	kian
557	閑	山開二平山匣	hean	ɦiȁn
558	慳	山開二平山溪	khean	khian
559	虥	山開二平山崇	dzrean	ʈʂɦȁn
560	羴	山開二平山曉	xean	hian
561	詽	山開二平山疑	ngean	ŋjiȁn
562	黰	山開二平山影	'ean	ʔian
563	斒	山開二平山幫	pean	pan
564	斕	山開二平山來	lean	lȁn
565	嘫	山開二平山孃	nrean	nȁn
566	㺗	山開二平山昌	tsyhean	tʃhan
567	嬽	山合二平山影	'wean	ʔwan
568	窀	山合二平山定	dwean	tɦwȁn
569	𡰠	山合二平山來	lwean	lwȁn
570	𡰝	山合二平山羣	gwean	kɦwȁn
571	譠	山開二平山知	trean	ʈʂan
572	𤣆	山開二平山澄	drean	ʈʂɦȁn
573	湲	山合二平山匣	hwean	ɦwȁn
574	虥	山開二平山從	dzean	tsɦȁn
575	先	山開四平先心	sen	siɛn
576	前	山開四平先從	dzen	tsɦiɛ̏n
577	千	山開四平先清	tshen	tshiɛn
578	箋	山開四平先精	tsen	tsiɛn
579	天	山開四平先透	then	thiɛn
580	堅	山開四平先見	ken	kiɛn
581	賢	山開四平先匣	hen	ɦiɛ̏n
582	煙	山開四平先影	'en	ʔiɛn
583	蓮	山開四平先來	len	liɛ̏n
584	田	山開四平先定	den	tɦiɛ̏n
585	秊	山開四平先泥	nen	niɛ̏n
586	顚	山開四平先端	ten	tiɛn
587	牽	山開四平先溪	khen	khiɛn
588	姸	山開四平先疑	ngen	ŋjiɛ̏n
589	眠	山開四平先明	men	miɛ̏n
590	蹁	山開四平先並	ben	pɦiɛ̏n
591	淵	山合四平先影	'wen	ʔyuɛn
592	涓	山合四平先見	kwen	kyuɛn
593	鋗	山合四平先曉	xwen	hyuɛn
594	邊	山開四平先幫	pen	piɛn
595	玄	山合四平先匣	hwen	ɦyuɛ̏n
596	祆	山開四平先曉	xen	hiɛn
597	𤜼	山合四平先崇	dzrwen	ʈʂɦwȁn
598	仙	山開三平仙心	sjen	siɛn
599	錢	山開三平仙從	dzjen	tsɦiɛ̏n
600	遷	山開三平仙清	tshjen	tshiɛn
601	煎	山開三平仙精	tsjen	tsiɛn
602	然	山開三平仙日	nyen	ʒiɛ̏n
603	延	山開三平仙以	yen	jiɛ̏n
604	𩜾	山開三平仙章	tsyen	tʃiɛn
605	甄	山開三平仙見A	kjien	kiɛn
606	邅	山開三平仙知	trjen	tʃiɛn
607	潺	山開三平仙崇	dzrjen	ʈʂɦȁn
608	羶	山開三平仙書	syen	ʃiɛn
609	脠	山開三平仙徹	trhjen	tʃhiɛn
610	鋋	山開三平仙常	dzyen	tʃɦiɛ̏n
611	纏	山開三平仙澄	drjen	tʃɦiɛ̏n
612	嘕	山開三平仙曉A	xjien	hiɛn
613	連	山開三平仙來	ljen	liɛ̏n
614	篇	山開三平仙滂A	phjien	phiɛn
615	便	山開三平仙並A	bjien	pɦiɛ̏n
616	緜	山開三平仙明A	mjien	miɛ̏n
617	全	山合三平仙從	dzjwen	tsɦyuɛ̏n
618	宣	山合三平仙心	sjwen	syuɛn
619	鐫	山合三平仙精	tsjwen	tsyuɛn
620	翾	山合三平仙曉A	xjwien	hyuɛn
621	堧	山合三平仙日	nywen	ʒyuɛ̏n
622	穿	山合三平仙昌	tsyhwen	tʃhyuɛn
623	沿	山合三平仙以	ywen	jyuɛ̏n
624	旋	山合三平仙邪	zjwen	szyuɛ̏n
625	娟	山合三平仙影A	'jwien	ʔyuɛn
626	船	山合三平仙船	zywen	ʃʒyuɛ̏n
627	鞭	山開三平仙幫A	pjien	piɛn
628	㳄	山開三平仙邪	zjen	sziɛ̏n
629	詮	山合三平仙清	tshjwen	tshyuɛn
630	專	山合三平仙章	tsywen	tʃyuɛn
631	遄	山合三平仙常	dzywen	ʃʒyuɛ̏n
632	貟	山合三平仙云	hjwen	jyuɛ̏n
633	恮	山合三平仙莊	tsrjwen	ʈʂwan
634	栓	山合三平仙生	srjwen	ʂwan
635	猭	山合三平仙徹	trhjwen	tʃhyuɛn
636	乾	山開三平仙羣B	gjen	kɦiɛ̏n
637	愆	山開三平仙溪B	khjen	khiɛn
638	權	山合三平仙羣B	gjwen	kɦyuɛ̏n
639	椽	山合三平仙澄	drjwen	tʃɦyuɛ̏n
640	攣	山合三平仙來	ljwen	lyuɛ̏n
641	弮	山合三平仙溪B	khjwen	khyuɛn
642	焉	山開三平仙影B	'jen	ʔiɛn
643	漹	山開三平仙云	hjen	jiɛ̏n
644	嬽	山合三平仙影B	'jwen	ʔyuɛn
645	燀	山開三平仙昌	tsyhen	tʃhiɛn
646	𡰝	山合三平仙知	trjwen	tʃyuɛn
647	勬	山合三平仙見B	kjwen	kyuɛn
648	蕭	效開四平蕭心	sew	siɛw
649	祧	效開四平蕭透	thew	thiɛw
650	貂	效開四平蕭端	tew	tiɛw
651	迢	效開四平蕭定	dew	tɦiɛ̏w
652	驍	效開四平蕭見	kew	kiɛw
653	聊	效開四平蕭來	lew	liɛ̏w
654	堯	效開四平蕭疑	ngew	ŋjiɛ̏w
655	膮	效開四平蕭曉	xew	hiɛw
656	幺	效開四平蕭影	'ew	ʔiɛw
657	鄡	效開四平蕭溪	khew	khiɛw
658	宵	效開三平宵心	sjew	siɛw
659	超	效開三平宵徹	trhjew	tʃhiɛw
660	朝	效開三平宵知	trjew	tʃiɛw
661	𪓙	效開三平宵澄	drjew	tʃɦiɛ̏w
662	嚻	效開三平宵曉B	xjew	hiɛw
663	樵	效開三平宵從	dzjew	tsɦiɛ̏w
664	驕	效開三平宵見B	kjew	kiɛw
665	焦	效開三平宵精	tsjew	tsiɛw
666	饒	效開三平宵日	nyew	ʒiɛ̏w
667	燒	效開三平宵書	syew	ʃiɛw
668	遙	效開三平宵以	yew	jiɛ̏w
669	韶	效開三平宵常	dzyew	ʃʒiɛ̏w
670	昭	效開三平宵章	tsyew	tʃiɛw
671	飊	效開三平宵幫A	pjiew	piɛw
672	鑣	效開三平宵幫B	pjew	piɛw
673	瓢	效開三平宵並A	bjiew	pɦiɛ̏w
674	蜱	效開三平宵明A	mjiew	miɛ̏w
675	苗	效開三平宵明B	mjew	miɛ̏w
676	要	效開三平宵影A	'jiew	ʔiɛw
677	鴞	效開三平宵云	hjew	jiɛ̏w
678	喬	效開三平宵羣B	gjew	kɦiɛ̏w
679	鍫	效開三平宵清	tshjew	tshiɛw
680	妖	效開三平宵影B	'jew	ʔiɛw
681	蹻	效開三平宵溪A	khjiew	khiɛw
682	怊	效開三平宵昌	tsyhew	tʃhiɛw
683	爂	效開三平宵滂A	phjiew	phiɛw
684	翹	效開三平宵羣A	gjiew	kɦiɛ̏w
685	燎	效開三平宵來	ljew	liɛ̏w
686	趫	效開三平宵溪B	khjew	khiɛw
687	肴	效開二平肴匣	haew	ɦiȁw
688	交	效開二平肴見	kaew	kiaw
689	巢	效開二平肴崇	dzraew	ʈʂɦȁw
690	鐃	效開二平肴孃	nraew	nȁw
691	梢	效開二平肴生	sraew	ʂaw
692	茅	效開二平肴明	maew	mȁw
693	虓	效開二平肴曉	xaew	hiaw
694	包	效開二平肴幫	paew	paw
695	胞	效開二平肴滂	phaew	phaw
696	敲	效開二平肴溪	khaew	khiaw
697	聱	效開二平肴疑	ngaew	ŋjiȁw
698	𦗔	效開二平肴莊	tsraew	ʈʂaw
699	嘲	效開二平肴知	traew	ʈʂaw
700	䜈	效開二平肴初	tsrhaew	ʈʂhaw
701	庖	效開二平肴並	baew	pɦȁw
702	䫜	效開二平肴影	'aew	ʔiaw
703	䫸	效開二平肴徹	trhaew	ʈʂhaw
704	顟	效開二平肴來	laew	lȁw
705	䄻	效開二平肴澄	draew	ʈʂɦȁw
706	豪	效開一平豪匣	haw	ɦȁw
707	髙	效開一平豪見	kaw	kaw
708	勞	效開一平豪來	law	lȁw
709	蒿	效開一平豪曉	xaw	haw
710	毛	效開一平豪明	maw	mȁw
711	饕	效開一平豪透	thaw	thaw
712	刀	效開一平豪端	taw	taw
713	騷	效開一平豪心	saw	saw
714	袍	效開一平豪並	baw	pɦȁw
715	襃	效開一平豪幫	paw	paw
716	陶	效開一平豪定	daw	tɦȁw
717	糟	效開一平豪精	tsaw	tsaw
718	敖	效開一平豪疑	ngaw	ŋȁw
719	曹	效開一平豪從	dzaw	tsɦȁw
720	𤏶	效開一平豪影	'aw	ʔaw
721	猱	效開一平豪泥	naw	nȁw
722	尻	效開一平豪溪	khaw	khaw
723	操	效開一平豪清	tshaw	tshaw
724	㯱	效開一平豪滂	phaw	phaw
725	歌	果開一平歌見	ka	kɔ
726	蹉	果開一平歌清	tsha	tshɔ
727	多	果開一平歌端	ta	tɔ
728	娑	果開一平歌心	sa	sɔ
729	駝	果開一平歌定	da	tɦɔ̏
730	醝	果開一平歌從	dza	tsɦɔ̏
731	莪	果開一平歌疑	nga	ŋɔ̏
732	佗	果開一平歌透	tha	thɔ
733	羅	果開一平歌來	la	lɔ̏
734	那	果開一平歌泥	na	nɔ̏
735	何	果開一平歌匣	ha	ɦɔ̏
736	訶	果開一平歌曉	xa	hɔ
737	珂	果開一平歌溪	kha	khɔ
738	阿	果開一平歌影	'a	ʔɔ
739	戈	果合一平戈見	kwa	kwɔ
740	遳	果合一平戈清	tshwa	tshwɔ
741	𨹄	果合一平戈端	twa	twɔ
742	莎	果合一平戈心	swa	swɔ
743	婆	果合一平戈並	ba	pɦwɔ̏
744	㸰	果合一平戈定	dwa	tɦwɔ̏
745	摩	果合一平戈明	ma	mwɔ̏
746	矬	果合一平戈從	dzwa	tsɦwɔ̏
747	訛	果合一平戈疑	ngwa	ŋwɔ̏
748	詑	果合一平戈透	thwa	thwɔ
749	𩼊	果合一平戈來	lwa	lwɔ̏
750	捼	果合一平戈泥	nwa	nwɔ̏
751	波	果合一平戈幫	pa	pwɔ
752	頗	果合一平戈滂	pha	phwɔ
753	和	果合一平戈匣	hwa	ɦwɔ̏
754	科	果合一平戈溪	khwa	khwɔ
755	倭	果合一平戈影	'wa	ʔwɔ
756	鞾	果合三平戈曉	xjwa	hyuɛ
757	𦚢	果合三平戈影	'jwa	ʔyuɛ
758	𩨷	果合三平戈溪	khjwa	khyuɛ
759	伽	果開三平戈羣	gja	kɦiɛ̏
760	佉	果開三平戈溪	khja	khiɛ
761	迦	果開三平戈見	kja	kiɛ
762	脞	果合三平戈清	tshjwa	tshyuɛ
763	侳	果合三平戈精	tsjwa	tsyuɛ
764	瘸	果合三平戈羣	gjwa	kɦyuɛ̏
765	𦣛	果合三平戈來	ljwa	lyuɛ̏
766	麻	假開二平麻明	mae	mȁ
767	車	假開三平麻昌	tsyhae	tʃhiɛ
768	奢	假開三平麻書	syae	ʃiɛ
769	邪	假開三平麻以	yae	jiɛ̏
770	遮	假開三平麻章	tsyae	tʃiɛ
771	嗟	假開三平麻精	tsjae	tsiɛ
772	蛇	假開三平麻船	zyae	ʃʒiɛ̏
773	華	假合二平麻匣	hwae	ɦwȁ
774	瓜	假合二平麻見	kwae	kwa
775	華	假合二平麻曉	xwae	hwa
776	誇	假合二平麻溪	khwae	khwa
777	拏	假開二平麻孃	nrae	nȁ
778	嘉	假開二平麻見	kae	kia
779	遐	假開二平麻匣	hae	ɦiȁ
780	葩	假開二平麻滂	phae	pha
781	鴉	假開二平麻影	'ae	ʔia
782	巴	假開二平麻幫	pae	pa
783	叉	假開二平麻初	tsrhae	ʈʂha
784	鯊	假開二平麻生	srae	ʂa
785	牙	假開二平麻疑	ngae	ŋjiȁ
786	樝	假開二平麻莊	tsrae	ʈʂa
787	𡨀	假開二平麻澄	drae	ʈʂɦȁ
788	衺	假開三平麻邪	zjae	sziɛ̏
789	闍	假開三平麻常	dzyae	ʃʒiɛ̏
790	窊	假合二平麻影	'wae	ʔwa
791	髽	假合二平麻莊	tsrwae	ʈʂwa
792	檛	假合二平麻知	trwae	ʈʂwa
793	爬	假開二平麻並	bae	pɦȁ
794	楂	假開二平麻崇	dzrae	ʈʂɦȁ
795	侘	假開二平麻徹	trhae	ʈʂha
796	奓	假開二平麻知	trae	ʈʂa
797	煆	假開二平麻曉	xae	hia
798	䶗	假開二平麻溪	khae	khia
799	㚗	假開三平麻從	dzjae	tsɦiɛ̏
800	若	假開三平麻日	nyae	ʒiɛ̏
801	些	假開三平麻心	sjae	siɛ
802	爹	假開三平麻知	trjae	tʃiɛ
803	𣢉	假合二平麻疑	ngwae	ŋwȁ
804	𣘟	假開二平麻溪	khae	khia
805	陽	宕開三平陽以	yang	jiɑ̏ŋ
806	詳	宕開三平陽邪	zjang	sziɑ̏ŋ
807	良	宕開三平陽來	ljang	liɑ̏ŋ
808	香	宕開三平陽曉	xjang	hiɑŋ
809	商	宕開三平陽書	syang	ʃiɑŋ
810	房	宕合三平陽並	bjang	fvɑ̏ŋ
811	章	宕開三平陽章	tsyang	tʃiɑŋ
812	昌	宕開三平陽昌	tsyhang	tʃhiɑŋ
813	羌	宕開三平陽溪	khjang	khiɑŋ
814	薑	宕開三平陽見	kjang	kiɑŋ
815	長	宕開三平陽澄	drjang	tʃɦiɑ̏ŋ
816	張	宕開三平陽知	trjang	tʃiɑŋ
817	穰	宕開三平陽日	nyang	ʒiɑ̏ŋ
818	方	宕合三平陽幫	pjang	fɑŋ
819	襄	宕開三平陽心	sjang	siɑŋ
820	將	宕開三平陽精	tsjang	tsiɑŋ
821	創	宕開三平陽初	tsrhjang	ʈʂhwɑŋ
822	亡	宕合三平陽明	mjang	vɑ̏ŋ
823	孃	宕開三平陽孃	nrjang	niɑ̏ŋ
824	牀	宕開三平陽崇	dzrjang	ʈʂɦwɑ̏ŋ
825	莊	宕開三平陽莊	tsrjang	ʈʂwɑŋ
826	常	宕開三平陽常	dzyang	tʃɦiɑ̏ŋ
827	霜	宕開三平陽生	srjang	ʂwɑŋ
828	牆	宕開三平陽從	dzjang	tsɦiɑ̏ŋ
829	鏘	宕開三平陽清	tshjang	tshiɑŋ
830	匡	宕合三平陽溪	khjwang	khwɑŋ
831	王	宕合三平陽云	hjwang	wɑ̏ŋ
832	央	宕開三平陽影	'jang	ʔiɑŋ
833	強	宕開三平陽羣	gjang	kɦiɑ̏ŋ
834	𦳝	宕開三平陽徹	trhjang	tʃhiɑŋ
835	芳	宕合三平陽滂	phjang	fɑŋ
836	狂	宕合三平陽羣	gjwang	kɦwɑ̏ŋ
837	唐	宕開一平唐定	dang	tɦɑ̏ŋ
838	郎	宕開一平唐來	lang	lɑ̏ŋ
839	當	宕開一平唐端	tang	tɑŋ
840	倉	宕開一平唐清	tshang	tshɑŋ
841	岡	宕開一平唐見	kang	kɑŋ
842	桑	宕開一平唐心	sang	sɑŋ
843	康	宕開一平唐溪	khang	khɑŋ
844	荒	宕合一平唐曉	xwang	hwɑŋ
845	黃	宕合一平唐匣	hwang	ɦwɑ̏ŋ
846	光	宕合一平唐見	kwang	kwɑŋ
847	湯	宕開一平唐透	thang	thɑŋ
848	滂	宕開一平唐滂	phang	phɑŋ
849	汪	宕合一平唐影	'wang	ʔwɑŋ
850	鴦	宕開一平唐影	'ang	ʔɑŋ
851	炕	宕開一平唐曉	xang	hɑŋ
852	航	宕開一平唐匣	hang	ɦɑ̏ŋ
853	茫	宕開一平唐明	mang	mɑ̏ŋ
854	臧	宕開一平唐精	tsang	tsɑŋ
855	囊	宕開一平唐泥	nang	nɑ̏ŋ
856	傍	宕開一平唐並	bang	pɦɑ̏ŋ
857	卬	宕開一平唐疑	ngang	ŋɑ̏ŋ
858	藏	宕開一平唐從	dzang	tsɦɑ̏ŋ
859	䯑	宕合一平唐溪	khwang	khwɑŋ
860	幫	宕開一平唐幫	pang	pɑŋ
861	庚	梗開二平庚見	kaeng	kəŋ
862	阬	梗開二平庚溪	khaeng	khəŋ
863	盲	梗開二平庚明	maeng	mə̏ŋ
864	橫	梗合二平庚匣	hwaeng	ɦwə̏ŋ
865	閍	梗開二平庚幫	paeng	pəŋ
866	諻	梗合二平庚曉	xwaeng	hwəŋ
867	觵	梗合二平庚見	kwaeng	kwəŋ
868	彭	梗開二平庚並	baeng	pɦə̏ŋ
869	脝	梗開二平庚曉	xaeng	həŋ
870	瞠	梗開二平庚徹	trhaeng	ʈʂhəŋ
871	鎗	梗開二平庚初	tsrhaeng	ʈʂhəŋ
872	傖	梗開二平庚崇	dzraeng	ʈʂɦə̏ŋ
873	霙	梗開三平庚影	'jaeng	ʔiŋ
874	磅	梗開三平庚滂	phjaeng	phiŋ
875	平	梗開三平庚並	bjaeng	pɦȉŋ
876	驚	梗開三平庚見	kjaeng	kiŋ
877	明	梗開三平庚明	mjaeng	mȉŋ
878	棖	梗開二平庚澄	draeng	ʈʂɦə̏ŋ
879	趟	梗開二平庚知	traeng	ʈʂəŋ
880	榮	梗合三平庚云	hjwaeng	jyuə̏ŋ
881	兵	梗開三平庚幫	pjaeng	piŋ
882	兄	梗合三平庚曉	xjwaeng	hyuəŋ
883	卿	梗開三平庚溪	khjaeng	khiŋ
884	生	梗開二平庚生	sraeng	ʂəŋ
885	擎	梗開三平庚羣	gjaeng	kɦȉŋ
886	迎	梗開三平庚疑	ngjaeng	ŋjȉŋ
887	行	梗開二平庚匣	haeng	ɦə̏ŋ
888	鬤	梗開二平庚孃	nraeng	nə̏ŋ
889	耕	梗開二平耕見	keang	kəŋ
890	鏗	梗開二平耕溪	kheang	khəŋ
891	甍	梗開二平耕明	meang	mə̏ŋ
892	浜	梗開二平耕幫	peang	pəŋ
893	宏	梗合二平耕匣	hweang	ɦwə̏ŋ
894	莖	梗開二平耕匣	heang	ɦə̏ŋ
895	朾	梗開二平耕知	treang	ʈʂəŋ
896	甖	梗開二平耕影	'eang	ʔəŋ
897	崢	梗開二平耕崇	dzreang	ʈʂɦə̏ŋ
898	琤	梗開二平耕初	tsrheang	ʈʂhəŋ
899	儜	梗開二平耕孃	nreang	nə̏ŋ
900	怦	梗開二平耕滂	pheang	phəŋ
901	轟	梗合二平耕曉	xweang	hwəŋ
902	繃	梗開二平耕幫	peang	pəŋ
903	橙	梗開二平耕澄	dreang	ʈʂɦə̏ŋ
904	泓	梗合二平耕影	'weang	ʔwəŋ
905	輣	梗開二平耕並	beang	pɦə̏ŋ
906	娙	梗開二平耕疑	ngeang	ŋə̏ŋ
907	爭	梗開二平耕莊	tsreang	ʈʂəŋ
908	清	梗開三平清清	tshjeng	tshiŋ
909	情	梗開三平清從	dzjeng	tsɦȉŋ
910	精	梗開三平清精	tsjeng	tsiŋ
911	盈	梗開三平清以	yeng	jȉŋ
912	營	梗合三平清以	yweng	jyuə̏ŋ
913	嬰	梗開三平清影	'jieng	ʔiŋ
914	貞	梗開三平清知	trjeng	tʃiŋ
915	檉	梗開三平清徹	trhjeng	tʃhiŋ
916	成	梗開三平清常	dzyeng	tʃɦȉŋ
917	呈	梗開三平清澄	drjeng	tʃɦȉŋ
918	聲	梗開三平清書	syeng	ʃiŋ
919	征	梗開三平清章	tsyeng	tʃiŋ
920	輕	梗開三平清溪	khjieng	khiŋ
921	名	梗開三平清明	mjieng	mȉŋ
922	跉	梗開三平清來	ljeng	lȉŋ
923	并	梗開三平清幫	pjieng	piŋ
924	傾	梗合三平清溪	khjwieng	khyuəŋ
925	𩛿	梗開三平清邪	zjeng	szȉŋ
926	縈	梗合三平清影	'jwieng	ʔyuəŋ
927	瓊	梗合三平清羣	gjwieng	kɦyuə̏ŋ
928	騂	梗合三平清心	sjweng	syuəŋ
929	頸	梗開三平清羣	gjieng	kɦȉŋ
930	𧵣	梗合三平清曉	xjweng	hyuəŋ
931	靑	梗開四平青清	tsheng	tshiŋ
932	經	梗開四平青見	keng	kiŋ
933	㓝	梗開四平青匣	heng	ɦȉŋ
934	庭	梗開四平青定	deng	tɦȉŋ
935	丁	梗開四平青端	teng	tiŋ
936	馨	梗開四平青曉	xeng	hiŋ
937	星	梗開四平青心	seng	siŋ
938	竮	梗開四平青滂	pheng	phiŋ
939	靈	梗開四平青來	leng	lȉŋ
940	寧	梗開四平青泥	neng	nȉŋ
941	汀	梗開四平青透	theng	thiŋ
942	冥	梗開四平青明	meng	mȉŋ
943	瓶	梗開四平青並	beng	pɦȉŋ
944	熒	梗合四平青匣	hweng	ɦyuə̏ŋ
945	扃	梗合四平青見	kweng	kyuəŋ
946	蒸	曾開三平蒸章	tsying	tʃiŋ
947	承	曾開三平蒸常	dzying	tʃɦȉŋ
948	澂	曾開三平蒸澄	dring	tʃɦȉŋ
949	陵	曾開三平蒸來	ling	lȉŋ
950	膺	曾開三平蒸影	'ing	ʔiŋ
951	凭	曾開三平蒸並	bing	pɦȉŋ
952	冫	曾開三平蒸幫	ping	piŋ
953	蠅	曾開三平蒸以	ying	jȉŋ
954	繩	曾開三平蒸船	zying	ʃʒȉŋ
955	升	曾開三平蒸書	sying	ʃiŋ
956	仍	曾開三平蒸日	nying	ʒȉŋ
957	兢	曾開三平蒸見	king	kiŋ
958	徵	曾開三平蒸知	tring	tʃiŋ
959	繒	曾開三平蒸從	dzing	tsɦȉŋ
960	凝	曾開三平蒸疑	nging	ŋjȉŋ
961	興	曾開三平蒸曉	xing	hiŋ
962	稱	曾開三平蒸昌	tsyhing	tʃhiŋ
963	殑	曾開三平蒸羣	ging	kɦȉŋ
964	㱡	曾開三平蒸生	sring	ʂəŋ
965	硱	曾開三平蒸溪	khing	khiŋ
966	僜	曾開三平蒸徹	trhing	tʃhiŋ
967	磳	曾開三平蒸崇	dzring	ʈʂɦə̏ŋ
968	砯	曾開三平蒸滂	phing	phiŋ
969	登	曾開一平登端	tong	təŋ
970	楞	曾開一平登來	long	lə̏ŋ
971	僧	曾開一平登心	song	səŋ
972	崩	曾開一平登幫	pong	pəŋ
973	增	曾開一平登精	tsong	tsəŋ
974	瞢	曾開一平登明	mong	mə̏ŋ
975	層	曾開一平登從	dzong	tsɦə̏ŋ
976	朋	曾開一平登並	bong	pɦə̏ŋ
977	弘	曾合一平登匣	hwong	ɦwə̏ŋ
978	肱	曾合一平登見	kwong	kwəŋ
979	薨	曾合一平登曉	xwong	hwəŋ
980	能	曾開一平登泥	nong	nə̏ŋ
981	騰	曾開一平登定	dong	tɦə̏ŋ
982	恒	曾開一平登匣	hong	ɦə̏ŋ
983	搄	曾開一平登見	kong	kəŋ
984	鼟	曾開一平登透	thong	thəŋ
985	漰	曾開一平登滂	phong	phəŋ
986	尤	流開三平尤云	hjuw	jiȍw
987	憂	流開三平尤影	'juw	ʔiow
988	劉	流開三平尤來	ljuw	liȍw
989	秋	流開三平尤清	tshjuw	tshiow
990	猷	流開三平尤以	yuw	jiȍw
991	牛	流開三平尤疑	ngjuw	ŋjiȍw
992	遒	流開三平尤精	tsjuw	tsiow
993	酋	流開三平尤從	dzjuw	tsɦiȍw
994	脩	流開三平尤心	sjuw	siow
995	抽	流開三平尤徹	trhjuw	tʃhiow
996	恘	流開三平尤溪	khjuw	khiow
997	犫	流開三平尤昌	tsyhuw	tʃhiow
998	周	流開三平尤章	tsyuw	tʃiow
999	讎	流開三平尤常	dzyuw	ʃʒiȍw
1000	柔	流開三平尤日	nyuw	ʒiȍw
1001	收	流開三平尤書	syuw	ʃiow
1002	丘	流開三平尤溪	khjuw	khiow
1003	䬌	流開三平尤滂	phjuw	fow
1004	鳩	流開三平尤見	kjuw	kiow
1005	不	流開三平尤幫	pjuw	fow
1006	𢯱	流開三平尤生	srjuw	ʂow
1007	搊	流開三平尤初	tsrhjuw	ʈʂhow
1008	鄒	流開三平尤莊	tsrjuw	ʈʂow
1009	愁	流開三平尤崇	dzrjuw	ʈʂɦȍw
1010	休	流開三平尤曉	xjuw	hiow
1011	囚	流開三平尤邪	zjuw	sziȍw
1012	儔	流開三平尤澄	drjuw	tʃɦiȍw
1013	輈	流開三平尤知	trjuw	tʃiow
1014	𧚍	流開三平尤羣	gjuw	kɦiȍw
1015	浮	流開三平尤並	bjuw	fvȍw
1016	謀	流開三平尤明	mjuw	mȍw
1017	侯	流開一平侯匣	huw	ɦȍw
1018	謳	流開一平侯影	'uw	ʔow
1019	羺	流開一平侯泥	nuw	nȍw
1020	樓	流開一平侯來	luw	lȍw
1021	涑	流開一平侯心	suw	sow
1022	彄	流開一平侯溪	khuw	khow
1023	齁	流開一平侯曉	xuw	how
1024	𣠏	流開一平侯精	tsuw	tsow
1025	偷	流開一平侯透	thuw	thow
1026	頭	流開一平侯定	duw	tɦȍw
1027	齵	流開一平侯疑	nguw	ŋȍw
1028	鉤	流開一平侯見	kuw	kow
1029	兜	流開一平侯端	tuw	tow
1030	㔌	流開一平侯從	dzuw	tsɦȍw
1031	裒	流開一平侯並	buw	pɦȍw
1032	䜅	流開一平侯清	tshuw	tshow
1033	呣	流開一平侯明	muw	mȍw
1034	幽	流開三平幽影	'jiw	ʔiow
1035	虯	流開三平幽羣	gjiw	kɦiȍw
1036	彪	流開三平幽幫	pjiw	piow
1037	鏐	流開三平幽來	ljiw	liȍw
1038	樛	流開三平幽見	kjiw	kiow
1039	淲	流開三平幽並	bjiw	pɦiȍw
1040	稵	流開三平幽精	tsjiw	tsiow
1041	犙	流開三平幽生	srjiw	ʂow
1042	聱	流開三平幽疑	ngjiw	ŋjiȍw
1043	飍	流開三平幽曉	xjiw	hiow
1044	繆	流開三平幽明	mjiw	miȍw
1045	侵	深開三平侵清	tshim	tshim
1046	尋	深開三平侵邪	zim	szȉm
1047	林	深開三平侵來	lim	lȉm
1048	琛	深開三平侵徹	trhim	tʃhim
1049	斟	深開三平侵章	tsyim	tʃim
1050	沈	深開三平侵澄	drim	tʃɦȉm
1051	碪	深開三平侵知	trim	tʃim
1052	諶	深開三平侵常	dzyim	tʃɦȉm
1053	任	深開三平侵日	nyim	ʒȉm
1054	深	深開三平侵書	syim	ʃim
1055	淫	深開三平侵以	yim	jȉm
1056	心	深開三平侵心	sim	sim
1057	愔	深開三平侵影A	'jim	ʔim
1058	祲	深開三平侵精	tsim	tsim
1059	𩷒	深開三平侵從	dzim	tsɦȉm
1060	䛘	深開三平侵孃	nrim	nȉm
1061	琴	深開三平侵羣B	gim	kɦȉm
1062	欽	深開三平侵溪B	khim	khim
1063	吟	深開三平侵疑B	ngim	ŋjȉm
1064	歆	深開三平侵曉B	xim	him
1065	金	深開三平侵見B	kim	kim
1066	音	深開三平侵影B	'im	ʔim
1067	森	深開三平侵生	srim	ʂəm
1068	岑	深開三平侵崇	dzrim	ʈʂɦə̏m
1069	兂	深開三平侵莊	tsrim	ʈʂəm
1070	嵾	深開三平侵初	tsrhim	ʈʂhəm
1071	𧡪	深開三平侵昌	tsyhim	tʃhim
1072	覃	咸開一平覃定	dom	tɦȁm
1073	參	咸開一平覃清	tshom	tsham
1074	南	咸開一平覃泥	nom	nȁm
1075	諳	咸開一平覃影	'om	ʔam
1076	含	咸開一平覃匣	hom	ɦȁm
1077	婪	咸開一平覃來	lom	lȁm
1078	蠶	咸開一平覃從	dzom	tsɦȁm
1079	簪	咸開一平覃精	tsom	tsam
1080	探	咸開一平覃透	thom	tham
1081	耽	咸開一平覃端	tom	tam
1082	龕	咸開一平覃溪	khom	kham
1083	㟏	咸開一平覃曉	xom	ham
1084	毿	咸開一平覃心	som	sam
1085	弇	咸開一平覃見	kom	kam
1086	䜙	咸開一平覃疑	ngom	ŋȁm
1087	談	咸開一平談定	dam	tɦȁm
1088	甘	咸開一平談見	kam	kam
1089	擔	咸開一平談端	tam	tam
1090	三	咸開一平談心	sam	sam
1091	藍	咸開一平談來	lam	lȁm
1092	坩	咸開一平談溪	kham	kham
1093	舑	咸開一平談透	tham	tham
1094	慙	咸開一平談從	dzam	tsɦȁm
1095	酣	咸開一平談匣	ham	ɦȁm
1096	姏	咸開一平談明	mam	mȁm
1097	𩈻	咸開一平談從	dzam	tsɦȁm
1098	蚶	咸開一平談曉	xam	ham
1099	鹽	咸開三平鹽以	yem	jiɛ̏m
1100	廉	咸開三平鹽來	ljem	liɛ̏m
1101	砭	咸開三平鹽幫B	pjem	piɛm
1102	銛	咸開三平鹽心	sjem	siɛm
1103	籤	咸開三平鹽清	tshjem	tshiɛm
1104	詹	咸開三平鹽章	tsyem	tʃiɛm
1105	棎	咸開三平鹽常	dzyem	tʃɦiɛ̏m
1106	苫	咸開三平鹽書	syem	ʃiɛm
1107	䪜	咸開三平鹽昌	tsyhem	tʃhiɛm
1108	𩓾	咸開三平鹽日	nyem	ʒiɛ̏m
1109	黏	咸開三平鹽孃	nrjem	niɛ̏m
1110	炎	咸開三平鹽云	hjem	jiɛ̏m
1111	霑	咸開三平鹽知	trjem	tʃiɛm
1112	覘	咸開三平鹽徹	trhjem	tʃhiɛm
1113	淹	咸開三平鹽影B	'jem	ʔiɛm
1114	𢜩	咸開三平鹽溪B	khjem	khiɛm
1115	𪙊	咸開三平鹽疑B	ngjem	ŋjiɛ̏m
1116	尖	咸開三平鹽精	tsjem	tsiɛm
1117	潛	咸開三平鹽從	dzjem	tsɦiɛ̏m
1118	箝	咸開三平鹽羣B	gjem	kɦiɛ̏m
1119	懕	咸開三平鹽影A	'jiem	ʔiɛm
1120	燅	咸開三平鹽邪	zjem	sziɛ̏m
1121	襳	咸開三平鹽生	srjem	ʂam
1122	㶣	咸開三平鹽澄	drjem	tʃɦiɛ̏m
1123	鍼	咸開三平鹽羣A	gjiem	kɦiɛ̏m
1124	添	咸開四平添透	them	thiɛm
1125	𩬑	咸開四平添端	tem	tiɛm
1126	甜	咸開四平添定	dem	tɦiɛ̏m
1127	鬑	咸開四平添來	lem	liɛ̏m
1128	謙	咸開四平添溪	khem	khiɛm
1129	兼	咸開四平添見	kem	kiɛm
1130	嫌	咸開四平添匣	hem	ɦiɛ̏m
1131	鮎	咸開四平添泥	nem	niɛ̏m
1132	馦	咸開四平添曉	xem	hiɛm
1133	咸	咸開二平咸匣	heam	ɦiȁm
1134	緘	咸開二平咸見	keam	kiam
1135	攕	咸開二平咸生	sream	ʂam
1136	𤟟	咸開二平咸影	'eam	ʔiam
1137	嵒	咸開二平咸疑	ngeam	ŋjiȁm
1138	㰹	咸開二平咸曉	xeam	hiam
1139	詀	咸開二平咸知	tream	ʈʂam
1140	諵	咸開二平咸孃	nream	nȁm
1141	讒	咸開二平咸崇	dzream	ʈʂɦȁm
1142	鵮	咸開二平咸溪	kheam	khiam
1143	銜	咸開二平銜匣	haem	ɦiȁm
1144	巉	咸開二平銜崇	dzraem	ʈʂɦȁm
1145	巖	咸開二平銜疑	ngaem	ŋjiȁm
1146	攙	咸開二平銜初	tsrhaem	ʈʂham
1147	衫	咸開二平銜生	sraem	ʂam
1148	監	咸開二平銜見	kaem	kiam
1149	𨂝	咸開二平銜並	baem	pɦȁm
1150	嵌	咸開二平銜溪	khaem	khiam
1151	嚴	咸開三平嚴疑	ngjaem	ŋjiɛ̏m
1152	𩏩	咸開三平嚴曉	xjaem	hiɛm
1153	醃	咸開三平嚴影	'jaem	ʔiɛm
1154	㪁	咸開三平嚴溪	khjaem	khiɛm
1155	凡	咸合三平凡並	bjom	fvȁm
1156	䒦	咸合三平凡滂	phjom	fam
1157	董	通開一上東端	tuwngX	tûŋ
1158	蠓	通開一上東明	muwngX	mûŋ
1159	孔	通開一上東溪	khuwngX	khûŋ
1160	㪌	通開一上東心	suwngX	sûŋ
1161	侗	通開一上東透	thuwngX	thûŋ
1162	緫	通開一上東精	tsuwngX	tsûŋ
1163	澒	通開一上東匣	huwngX	ɦǔŋ'
1164	蓊	通開一上東影	'uwngX	ʔûŋ
1165	𨑊	通開一上東泥	nuwngX	nûŋ
1166	琫	通開一上東幫	puwngX	pûŋ
1167	曨	通開一上東來	luwngX	lûŋ
1168	嗊	通開一上東曉	xuwngX	hûŋ
1169	動	通開一上東定	duwngX	dǔŋ'
1170	菶	通開一上東並	buwngX	bǔŋ'
1171	腫	通開三上鍾章	tsyowngX	tʃyûŋ
1172	寵	通開三上鍾徹	trhjowngX	tʃhyûŋ
1173	隴	通開三上鍾來	ljowngX	lyûŋ
1174	擁	通開三上鍾影	'jowngX	ʔyûŋ
1175	宂	通開三上鍾日	nyowngX	ʒyûŋ
1176	重	通開三上鍾澄	drjowngX	dʒyǔŋ'
1177	冢	通開三上鍾知	trjowngX	tʃyûŋ
1178	奉	通開三上鍾並	bjowngX	fvǔŋ'
1179	捧	通開三上鍾滂	phjowngX	fûŋ
1180	勇	通開三上鍾以	yowngX	jyûŋ
1181	恐	通開三上鍾溪	khjowngX	khyûŋ
1182	尰	通開三上鍾常	dzyowngX	ʃʒyǔŋ'
1183	拱	通開三上鍾見	kjowngX	kyûŋ
1184	悚	通開三上鍾心	sjowngX	syûŋ
1185	洶	通開三上鍾曉	xjowngX	hyûŋ
1186	覂	通開三上鍾幫	pjowngX	fûŋ
1187	湩	通開一上冬端	towngX	tûŋ
1188	𪁪	通開一上冬明	mowngX	mûŋ
1189	䅃	通開三上鍾羣	gjowngX	gyǔŋ'
1190	𨿿	通開三上鍾昌	tsyhowngX	tʃhyûŋ
1191	𢃭	通開三上鍾章	tsyowngX	tʃyûŋ
1192	䙕	通開三上鍾精	tsjowngX	tsyûŋ
1193	講	江開二上江見	kaewngX	kiɑ̂ŋ
1194	㭋	江開二上江並	baewngX	bɑ̌ŋ'
1195	慃	江開二上江影	'aewngX	ʔiɑ̂ŋ
1196	𠈵	江開二上江明	maewngX	mɑ̂ŋ
1197	項	江開二上江匣	haewngX	ɦiɑ̌ŋ'
1198	𦂌	江開二上江幫	paewngX	pɑ̂ŋ
1199	傋	江開二上江曉	xaewngX	hiɑ̂ŋ
1200	紙	止開三上支章	tsyeX	tʃiɨ̂
1201	是	止開三上支常	dzyeX	ʃʒiɨ̌'
1202	靡	止開三上支明B	mjeX	mî
1203	彼	止開三上支幫B	pjeX	pî
1204	被	止開三上支並B	bjeX	bǐ'
1205	毀	止合三上支曉B	xjweX	hûi
1206	委	止合三上支影B	'jweX	ʔûi
1207	跪	止合三上支溪B	khjweX	khûi
1208	詭	止合三上支見B	kjweX	kûi
1209	髓	止合三上支心	sjweX	sûi
1210	絫	止合三上支來	ljweX	lûi
1211	技	止開三上支羣B	gjeX	gǐ'
1212	倚	止開三上支影B	'jeX	ʔî
1213	掎	止開三上支見B	kjeX	kî
1214	綺	止開三上支溪B	khjeX	khî
1215	螘	止開三上支疑B	ngjeX	ŋjî
1216	蔿	止合三上支云	hjweX	ûi
1217	觜	止合三上支精	tsjweX	tsûi
1218	蘂	止合三上支日	nyweX	ʒûi
1219	此	止開三上支清	tshjeX	tshɨ̂
1220	豸	止開三上支澄	drjeX	dʒǐ'
1221	徙	止開三上支心	sjeX	sɨ̂
1222	酏	止開三上支以	yeX	jî
1223	邐	止開三上支來	ljeX	lî
1224	躧	止開三上支生	srjeX	ʂɨ̂
1225	𢔌	止開三上支幫A	pjieX	pî
1226	爾	止開三上支日	nyeX	ɻ̂
1227	渳	止開三上支明A	mjieX	mî
1228	婢	止開三上支並A	bjieX	bǐ'
1229	侈	止開三上支昌	tsyheX	tʃhiɨ̂
1230	弛	止開三上支書	syeX	ʃiɨ̂
1231	紫	止開三上支精	tsjeX	tsɨ̂
1232	捶	止合三上支章	tsyweX	ʈʂûi
1233	揣	止合三上支初	tsrhjweX	ʈʂhûi
1234	𤢍	止合三上支邪	zjweX	szǔi'
1235	舓	止開三上支船	zyeX	ʃʒiɨ̌'
1236	㧗	止開三上支莊	tsrjeX	ʈʂɨ̂
1237	㱟	止開三上支滂B	phjeX	phî
1238	諀	止開三上支滂A	phjieX	phî
1239	䓈	止合三上支以	yweX	ûi
1240	惢	止合三上支從	dzjweX	dzǔi'
1241	跬	止合三上支溪A	khjwieX	khûi
1242	狔	止開三上支孃	nrjeX	nî
1243	硊	止合三上支疑B	ngjweX	ŋûi
1244	跪	止合三上支羣B	gjweX	gǔi'
1245	褫	止開三上支徹	trhjeX	tʃhî
1246	㨖	止開三上支知	trjeX	tʃî
1247	𪖪	止開三上支曉B	xjeX	hî
1248	企	止開三上支溪A	khjieX	khî
1249	菙	止合三上支常	dzyweX	ʂʐǔi'
1250	枳	止開三上支見A	kjieX	kî
1251	旨	止開三上脂章	tsyijX	tʃiɨ̂
1252	視	止開三上脂常	dzyijX	ʃʒiɨ̌'
1253	美	止開三上脂明B	mijX	mî
1254	鄙	止開三上脂幫B	pijX	pî
1255	兕	止開三上脂邪	zijX	szɨ̌'
1256	几	止開三上脂見B	kijX	kî
1257	𡛷	止開三上脂精	tsijX	tsɨ̂
1258	匕	止開三上脂幫A	pjijX	pî
1259	軌	止合三上脂見B	kwijX	kûi
1260	洧	止合三上脂云	hwijX	ûi
1261	矢	止開三上脂書	syijX	ʃiɨ̂
1262	雉	止開三上脂澄	drijX	dʒǐ'
1263	死	止開三上脂心	sijX	sɨ̂
1264	牝	止開三上脂並A	bjijX	bǐ'
1265	履	止開三上脂來	lijX	lî
1266	水	止合三上脂書	sywijX	ʂûi
1267	壘	止合三上脂來	lwijX	lûi
1268	揆	止合三上脂羣A	gjwijX	gǔi'
1269	趡	止合三上脂清	tshwijX	tshûi
1270	柅	止開三上脂孃	nrijX	nî
1271	癸	止合三上脂見A	kjwijX	kûi
1272	否	止開三上脂並B	bijX	bǐ'
1273	㠑	止合三上脂從	dzwijX	dzǔi'
1274	嚭	止開三上脂滂B	phijX	phî
1275	蕊	止合三上脂日	nywijX	ʒûi
1276	唯	止合三上脂以	ywijX	ûi
1277	㰻	止開三上脂影B	'ijX	ʔî
1278	濢	止合三上脂精	tswijX	tsûi
1279	黹	止開三上脂知	trijX	tʃî
1280	𡳭	止開三上脂徹	trhijX	tʃhî
1281	𧿲	止開三上脂章	tsyijX	tʃiɨ̂
1282	䁤	止合三上脂曉A	xjwijX	hûi
1283	䣀	止合三上脂羣B	gwijX	gǔi'
1284	跽	止開三上脂羣B	gijX	gǐ'
1285	巋	止合三上脂溪B	khwijX	khûi
1286	止	止開三上之章	tsyiX	tʃiɨ̂
1287	市	止開三上之常	dzyiX	ʃʒiɨ̌'
1288	徵	止開三上之知	triX	tʃî
1289	喜	止開三上之曉	xiX	hî
1290	紀	止開三上之見	kiX	kî
1291	以	止開三上之以	yiX	jî
1292	似	止開三上之邪	ziX	szɨ̌'
1293	史	止開三上之生	sriX	ʂɨ̂
1294	耳	止開三上之日	nyiX	ɻ̂
1295	里	止開三上之來	liX	lî
1296	枲	止開三上之心	siX	sɨ̂
1297	始	止開三上之書	syiX	ʃiɨ̂
1298	歭	止開三上之澄	driX	dʒǐ'
1299	起	止開三上之溪	khiX	khî
1300	士	止開三上之崇	dzriX	ɖʐɨ̂
1301	俟	止開三上之俟	zriX	ʂʐɨ̌'
1302	子	止開三上之精	tsiX	tsɨ̂
1303	矣	止開三上之云	hiX	jî
1304	擬	止開三上之疑	ngiX	ŋjî
1305	齒	止開三上之昌	tsyhiX	tʃhiɨ̂
1306	恥	止開三上之徹	trhiX	tʃhî
1307	㓼	止開三上之初	tsrhiX	ʈʂhɨ̂
1308	滓	止開三上之莊	tsriX	ʈʂɨ̂
1309	譩	止開三上之影	'iX	ʔî
1310	伱	止開三上之孃	nriX	nî
1311	尾	止合三上微明	mj+jX	vî
1312	扆	止開三上微影	'j+jX	ʔî
1313	豈	止開三上微溪	khj+jX	khî
1314	蟣	止開三上微見	kj+jX	kî
1315	斐	止合三上微滂	phj+jX	fî
1316	匪	止合三上微幫	pj+jX	fî
1317	韙	止合三上微云	hjw+jX	ûi
1318	鬼	止合三上微見	kjw+jX	kûi
1319	虺	止合三上微曉	xjw+jX	hûi
1320	顗	止開三上微疑	ngj+jX	ŋjî
1321	豨	止開三上微曉	xj+jX	hî
1322	磈	止合三上微影	'jw+jX	ʔûi
1323	膹	止合三上微並	bj+jX	fvǐ'
1324	語	遇開三上魚疑	ngjoX	ŋjŷ
1325	吕	遇開三上魚來	ljoX	lŷ
1326	佇	遇開三上魚澄	drjoX	dʒy̌'
1327	與	遇開三上魚以	yoX	jŷ
1328	䰞	遇開三上魚章	tsyoX	tʃŷ
1329	汝	遇開三上魚日	nyoX	ʒŷ
1330	暑	遇開三上魚書	syoX	ʃŷ
1331	杵	遇開三上魚昌	tsyhoX	tʃhŷ
1332	貯	遇開三上魚知	trjoX	tʃŷ
1333	諝	遇開三上魚心	sjoX	sŷ
1334	楮	遇開三上魚徹	trhjoX	tʃhŷ
1335	女	遇開三上魚孃	nrjoX	nŷ
1336	許	遇開三上魚曉	xjoX	hŷ
1337	巨	遇開三上魚羣	gjoX	gy̌'
1338	所	遇開三上魚生	srjoX	ʂû
1339	楚	遇開三上魚初	tsrhjoX	ʈʂhû
1340	阻	遇開三上魚莊	tsrjoX	ʈʂû
1341	齟	遇開三上魚崇	dzrjoX	ɖʐû
1342	咀	遇開三上魚從	dzjoX	dzy̌'
1343	𢮁	遇開三上魚影	'joX	ʔŷ
1344	舉	遇開三上魚見	kjoX	kŷ
1345	敘	遇開三上魚邪	zjoX	szy̌'
1346	去	遇開三上魚溪	khjoX	khŷ
1347	紓	遇開三上魚船	zyoX	ʃʒy̌'
1348	野	遇開三上魚常	dzyoX	ʃʒy̌'
1349	𤿚	遇開三上魚清	tshjoX	tshŷ
1350	苴	遇開三上魚精	tsjoX	tsŷ
1351	麌	遇合三上虞疑	ngjuX	ŋjŷ
1352	羽	遇合三上虞云	hjuX	jŷ
1353	聚	遇合三上虞從	dzjuX	dzy̌'
1354	甫	遇合三上虞幫	pjuX	fû
1355	武	遇合三上虞明	mjuX	vû
1356	父	遇合三上虞並	bjuX	fvǔ'
1357	撫	遇合三上虞滂	phjuX	fû
1358	柱	遇合三上虞澄	drjuX	dʒy̌'
1359	詡	遇合三上虞曉	xjuX	hŷ
1360	豎	遇合三上虞常	dzyuX	ʃʒy̌'
1361	庾	遇合三上虞以	yuX	jŷ
1362	主	遇合三上虞章	tsyuX	tʃŷ
1363	傴	遇合三上虞影	'juX	ʔŷ
1364	齲	遇合三上虞溪	khjuX	khŷ
1365	拄	遇合三上虞知	trjuX	tʃŷ
1366	乳	遇合三上虞日	nyuX	ʒŷ
1367	窶	遇合三上虞羣	gjuX	gy̌'
1368	數	遇合三上虞生	srjuX	ʂû
1369	矩	遇合三上虞見	kjuX	kŷ
1370	取	遇合三上虞清	tshjuX	tshŷ
1371	縷	遇合三上虞來	ljuX	lŷ
1372	𦄼	遇合三上虞心	sjuX	sŷ
1373	䝒	遇合三上虞崇	dzrjuX	ɖʐû
1374	姥	遇開一上模明	muX	mû
1375	土	遇開一上模透	thuX	thû
1376	杜	遇開一上模定	duX	dǔ'
1377	魯	遇開一上模來	luX	lû
1378	蔖	遇開一上模清	tshuX	tshû
1379	覩	遇開一上模端	tuX	tû
1380	古	遇開一上模見	kuX	kû
1381	五	遇開一上模疑	nguX	ŋû
1382	簿	遇開一上模並	buX	bǔ'
1383	粗	遇開一上模從	dzuX	dzǔ'
1384	祖	遇開一上模精	tsuX	tsû
1385	虎	遇開一上模曉	xuX	hû
1386	隖	遇開一上模影	'uX	ʔû
1387	苦	遇開一上模溪	khuX	khû
1388	怒	遇開一上模泥	nuX	nû
1389	戸	遇開一上模匣	huX	ɦǔ'
1390	普	遇開一上模滂	phuX	phû
1391	補	遇開一上模幫	puX	pû
1392	薺	蟹開四上齊從	dzejX	dziɪ̌i'
1393	禮	蟹開四上齊來	lejX	liɪ̂i
1394	體	蟹開四上齊透	thejX	thiɪ̂i
1395	䫌	蟹開四上齊滂	phejX	phiɪ̂i
1396	濟	蟹開四上齊精	tsejX	tsiɪ̂i
1397	邸	蟹開四上齊端	tejX	tiɪ̂i
1398	弟	蟹開四上齊定	dejX	diɪ̌i'
1399	禰	蟹開四上齊泥	nejX	niɪ̂i
1400	洗	蟹開四上齊心	sejX	siɪ̂i
1401	泚	蟹開四上齊清	tshejX	tshiɪ̂i
1402	啓	蟹開四上齊溪	khejX	khiɪ̂i
1403	徯	蟹開四上齊曉	xejX	hiɪ̂i
1404	米	蟹開四上齊明	mejX	miɪ̂i
1405	陛	蟹開四上齊並	bejX	biɪ̌i'
1406	𠯋	蟹開四上齊影	'ejX	ʔiɪ̂i
1407	堄	蟹開四上齊疑	ngejX	ŋjiɪ̂i
1408	㪏	蟹開四上齊幫	pejX	piɪ̂i
1409	蟹	蟹開二上佳匣	heaX	ɦiǎi'
1410	買	蟹開二上佳明	meaX	mâi
1411	䒓	蟹開二上佳溪	kheaX	khiâi
1412	廌	蟹開二上佳澄	dreaX	ɖʐâi
1413	嬭	蟹開二上佳孃	nreaX	nâi
1414	罷	蟹開二上佳並	beaX	bǎi'
1415	矮	蟹開二上佳影	'eaX	ʔiâi
1416	擺	蟹開二上佳幫	peaX	pâi
1417	解	蟹開二上佳見	keaX	kiâi
1418	灑	蟹開二上佳生	sreaX	ʂâi
1419	𦫳	蟹合二上佳見	kweaX	kwâ
1420	㧳	蟹合二上佳澄	drweaX	ɖʐwâ
1421	夥	蟹合二上佳匣	hweaX	ɦwǎ'
1422	扮	蟹合二上佳曉	xweaX	hwâ
1423	箉	蟹開二上佳羣	geaX	giǎi'
1424	駭	蟹開二上皆匣	heajX	ɦiǎi'
1425	楷	蟹開二上皆溪	kheajX	khiâi
1426	騃	蟹開二上皆疑	ngeajX	ŋjiâi
1427	挨	蟹開二上皆影	'eajX	ʔiâi
1428	賄	蟹合一上灰曉	xwojX	hûi
1429	猥	蟹合一上灰影	'wojX	ʔûi
1430	磥	蟹合一上灰來	lwojX	lûi
1431	錞	蟹合一上灰定	dwojX	dǔi'
1432	辠	蟹合一上灰從	dzwojX	dzǔi'
1433	浼	蟹合一上灰明	mwojX	mûi
1434	骽	蟹合一上灰透	thwojX	thûi
1435	瘣	蟹合一上灰匣	hwojX	ɦǔi'
1436	䫥	蟹合一上灰溪	khwojX	khûi
1437	𦞙	蟹合一上灰端	twojX	tûi
1438	餧	蟹合一上灰泥	nwojX	nûi
1439	𩬳	蟹合一上灰知	trwojX	ʈʂûi
1440	頠	蟹合一上灰疑	ngwojX	ŋûi
1441	皠	蟹合一上灰清	tshwojX	tshûi
1442	琲	蟹合一上灰並	bwojX	bǔi'
1443	嶊	蟹合一上灰精	tswojX	tsûi
1444	倄	蟹合一上灰云	hwojX	ûi
1445	海	蟹開一上咍曉	xojX	hâi
1446	愷	蟹開一上咍溪	khojX	khâi
1447	宰	蟹開一上咍精	tsojX	tsâi
1448	駘	蟹開一上咍定	dojX	dǎi'
1449	乃	蟹開一上咍泥	nojX	nâi
1450	改	蟹開一上咍見	kojX	kâi
1451	亥	蟹開一上咍匣	hojX	ɦǎi'
1452	啡	蟹開一上咍滂	phojX	phâi
1453	采	蟹開一上咍清	tshojX	tshâi
1454	茝	蟹開一上咍昌	tsyhojX	tʃhâi
1455	等	蟹開一上咍端	tojX	tâi
1456	䆀	蟹開一上咍明	mojX	mâi
1457	在	蟹開一上咍從	dzojX	dzǎi'
1458	俖	蟹開一上咍滂	phojX	phâi
1459	欸	蟹開一上咍影	'ojX	ʔâi
1460	佁	蟹開一上咍以	yojX	jâi
1461	㘆	蟹開一上咍透	thojX	thâi
1462	疓	蟹開一上咍日	nyojX	ʒâi
1463	𨦂	蟹開一上咍來	lojX	lâi
1464	䑂	蟹開一上咍以	yojX	jâi
1465	倍	蟹開一上咍並	bojX	bǎi'
1466	軫	臻開三上眞章	tsyinX	tʃîn
1467	辴	臻開三上眞徹	trhinX	tʃhîn
1468	腎	臻開三上眞常	dzyinX	ʃʒǐn'
1469	忍	臻開三上眞日	nyinX	ʒîn
1470	矤	臻開三上眞書	syinX	ʃîn
1471	嶙	臻開三上眞來	linX	lîn
1472	紖	臻開三上眞澄	drinX	dʒǐn'
1473	緊	臻開三上眞見A	kjinX	kîn
1474	盡	臻開三上眞從	dzinX	dzǐn'
1475	㯸	臻開三上眞精	tsinX	tsîn
1476	牝	臻開三上眞並A	bjinX	bǐn'
1477	釿	臻開三上眞疑B	nginX	ŋjîn
1478	笉	臻開三上眞清	tshinX	tshîn
1479	窘	臻合三上眞羣B	gwinX	gyǔn'
1480	引	臻開三上眞以	yinX	jîn
1481	愍	臻開三上眞明B	minX	mîn
1482	泯	臻開三上眞明A	mjinX	mîn
1483	殞	臻合三上眞云	hwinX	jyûn
1484	準	臻合三上諄章	tsywinX	tʃyûn
1485	尹	臻合三上諄以	ywinX	jyûn
1486	筍	臻合三上諄心	swinX	syûn
1487	蝡	臻合三上諄日	nywinX	ʒyûn
1488	蠢	臻合三上諄昌	tsyhwinX	tʃhyûn
1489	盾	臻合三上諄船	zywinX	ʃʒyǔn'
1490	偆	臻合三上諄徹	trhwinX	tʃhyûn
1491	耣	臻合三上諄來	lwinX	lyûn
1492	𣯍	臻合三上諄日	nywinX	ʒyûn
1493	𦃢	臻合三上諄溪	khjwinX	khyûn
1494	螼	臻開三上眞溪A	khjinX	khîn
1495	賰	臻合三上諄書	sywinX	ʃyûn
1496	脪	臻開三上眞曉A	xjinX	hîn
1497	濜	臻開三上眞崇	dzrinX	ɖʐə̂n
1498	屒	臻開三上眞知	trinX	tʃîn
1499	吻	臻合三上文明	mjunX	vûn
1500	粉	臻合三上文幫	pjunX	fûn
1501	憤	臻合三上文並	bjunX	fvǔn'
1502	忿	臻合三上文滂	phjunX	fûn
1503	惲	臻合三上文影	'junX	ʔyûn
1504	齳	臻合三上文疑	ngjunX	ŋjyûn
1505	抎	臻合三上文云	hjunX	jyûn
1506	𧼐	臻合三上文溪	khjunX	khyûn
1507	隱	臻開三上欣影	'j+nX	ʔîn
1508	謹	臻開三上欣見	kj+nX	kîn
1509	𧤛	臻開三上臻莊	tsrinX	ʈʂə̂n
1510	赾	臻開三上欣溪	khj+nX	khîn
1511	近	臻開三上欣羣	gj+nX	gǐn'
1512	齔	臻開三上臻初	tsrhinX	ʈʂhə̂n
1513	听	臻開三上欣疑	ngj+nX	ŋjîn
1514	䘆	臻開三上欣曉	xj+nX	hîn
1515	阮	臻合三上元疑	ngjwonX	ŋjyuɛ̂n
1516	遠	臻合三上元云	hjwonX	jyuɛ̂n
1517	偃	臻開三上元影	'jonX	ʔiɛ̂n
1518	湕	臻開三上元見	kjonX	kiɛ̂n
1519	寋	臻開三上元羣	gjonX	giɛ̌n'
1520	𧥛	臻開三上元溪	khjonX	khiɛ̂n
1521	𧥜	臻開三上元疑	ngjonX	ŋjiɛ̂n
1522	幰	臻開三上元曉	xjonX	hiɛ̂n
1523	晚	臻合三上元明	mjonX	vân
1524	反	臻合三上元幫	pjonX	fân
1525	𧯦	臻合三上元羣	gjwonX	gyuɛ̌n'
1526	婉	臻合三上元影	'jwonX	ʔyuɛ̂n
1527	䅚	臻合三上元溪	khjwonX	khyuɛ̂n
1528	暅	臻合三上元曉	xjwonX	hyuɛ̂n
1529	飯	臻合三上元並	bjonX	fvǎn'
1530	混	臻合一上魂匣	hwonX	ɦǔn'
1531	翉	臻合一上魂滂	phwonX	phûn
1532	忖	臻合一上魂清	tshwonX	tshûn
1533	本	臻合一上魂幫	pwonX	pûn
1534	損	臻合一上魂心	swonX	sûn
1535	𠟃	臻合一上魂精	tswonX	tsûn
1536	穩	臻合一上魂影	'wonX	ʔûn
1537	囤	臻合一上魂定	dwonX	dǔn'
1538	鱒	臻合一上魂從	dzwonX	dzǔn'
1539	𩩌	臻合一上魂見	kwonX	kûn
1540	畽	臻合一上魂透	thwonX	thûn
1541	閫	臻合一上魂溪	khwonX	khûn
1542	㤻	臻合一上魂來	lwonX	lûn
1543	獖	臻合一上魂並	bwonX	bǔn'
1544	懣	臻合一上魂明	mwonX	mûn
1545	㶧	臻合一上魂泥	nwonX	nûn
1546	𦃕	臻合一上魂曉	xwonX	hûn
1547	很	臻開一上痕匣	honX	ɦə̌n'
1548	墾	臻開一上痕溪	khonX	khə̂n
1549	䫀	臻開一上痕見	konX	kə̂n
1550	旱	山開一上寒匣	hanX	ɦɑ̌n'
1551	亶	山開一上寒端	tanX	tân
1552	坦	山開一上寒透	thanX	thân
1553	散	山開一上寒心	sanX	sân
1554	但	山開一上寒定	danX	dǎn'
1555	瓉	山開一上寒從	dzanX	dzǎn'
1556	笴	山開一上寒見	kanX	kɑ̂n
1557	嬾	山開一上寒來	lanX	lân
1558	侃	山開一上寒溪	khanX	khɑ̂n
1559	䍐	山開一上寒曉	xanX	hɑ̂n
1560	䰖	山開一上寒精	tsanX	tsân
1561	緩	山合一上桓匣	hwanX	ɦwɔ̌n'
1562	短	山合一上桓端	twanX	twɔ̂n
1563	椀	山合一上桓影	'wanX	ʔwɔ̂n
1564	疃	山合一上桓透	thwanX	thwɔ̂n
1565	算	山合一上桓心	swanX	swɔ̂n
1566	管	山合一上桓見	kwanX	kwɔ̂n
1567	卵	山合一上桓來	lwanX	lwɔ̂n
1568	款	山合一上桓溪	khwanX	khwɔ̂n
1569	煗	山合一上桓泥	nwanX	nwɔ̂n
1570	纂	山合一上桓精	tswanX	tswɔ̂n
1571	伴	山合一上桓並	banX	bwɔ̌n'
1572	滿	山合一上桓明	manX	mwɔ̂n
1573	粄	山合一上桓幫	panX	pwɔ̂n
1574	鄹	山合一上桓邪	zwanX	szwɔ̌n'
1575	斷	山合一上桓定	dwanX	dwɔ̌n'
1576	攤	山開一上寒泥	nanX	nân
1577	坢	山合一上桓滂	phanX	phwɔ̂n
1578	潸	山開二上刪生	sraenX	ʂân
1579	綰	山合二上刪影	'waenX	ʔwân
1580	版	山開二上刪幫	paenX	pân
1581	䩆	山開二上刪莊	tsraenX	ʈʂân
1582	赧	山開二上刪孃	nraenX	nân
1583	僩	山開二上刪匣	haenX	ɦiǎn'
1584	睆	山合二上刪匣	hwaenX	ɦwǎn'
1585	阪	山開二上刪並	baenX	bǎn'
1586	矕	山開二上刪明	maenX	mân
1587	𪘪	山開二上刪崇	dzraenX	ɖʐân
1588	𪗙	山開二上刪疑	ngaenX	ŋjiân
1589	㹽	山開二上刪初	tsrhaenX	ʈʂhân
1590	眅	山開二上刪滂	phaenX	phân
1591	撰	山合二上刪崇	dzrwaenX	ɖʐwân
1592	産	山開二上山生	sreanX	ʂân
1593	限	山開二上山匣	heanX	ɦiǎn'
1594	𥇅	山開二上山明	meanX	mân
1595	簡	山開二上山見	keanX	kiân
1596	剗	山開二上山初	tsrheanX	ʈʂhân
1597	棧	山開二上山崇	dzreanX	ɖʐân
1598	眼	山開二上山疑	ngeanX	ŋjiân
1599	醆	山開二上山莊	tsreanX	ʈʂân
1600	㦃	山合二上山初	tsrhweanX	ʈʂhwân
1601	齦	山開二上山溪	kheanX	khiân
1602	銑	山開四上先心	senX	siɛ̂n
1603	腆	山開四上先透	thenX	thiɛ̂n
1604	典	山開四上先端	tenX	tiɛ̂n
1605	蝘	山開四上先影	'enX	ʔiɛ̂n
1606	殄	山開四上先定	denX	diɛ̌n'
1607	繭	山開四上先見	kenX	kiɛ̂n
1608	峴	山開四上先匣	henX	ɦiɛ̌n'
1609	顯	山開四上先曉	xenX	hiɛ̂n
1610	㨠	山開四上先明	menX	miɛ̂n
1611	撚	山開四上先泥	nenX	niɛ̂n
1612	編	山開四上先幫	penX	piɛ̂n
1613	泫	山合四上先匣	hwenX	ɦyuɛ̌n'
1614	𡿨	山合四上先見	kwenX	kyuɛ̂n
1615	辮	山開四上先並	benX	biɛ̌n'
1616	犬	山合四上先溪	khwenX	khyuɛ̂n
1617	𥧬	山開四上先溪	khenX	khiɛ̂n
1618	齞	山開四上先疑	ngenX	ŋjiɛ̂n
1619	獮	山開三上仙心	sjenX	siɛ̂n
1620	演	山開三上仙以	yenX	jiɛ̂n
1621	踐	山開三上仙從	dzjenX	dziɛ̌n'
1622	展	山開三上仙知	trjenX	tʃiɛ̂n
1623	𦗢	山開三上仙章	tsyenX	tʃiɛ̂n
1624	趁	山開三上仙孃	nrjenX	niɛ̂n
1625	淺	山開三上仙清	tshjenX	tshiɛ̂n
1626	闡	山開三上仙昌	tsyhenX	tʃhiɛ̂n
1627	遣	山開三上仙溪A	khjienX	khiɛ̂n
1628	蹇	山開三上仙見B	kjenX	kiɛ̂n
1629	善	山開三上仙常	dzyenX	ʃʒiɛ̌n'
1630	翦	山開三上仙精	tsjenX	tsiɛ̂n
1631	蹨	山開三上仙日	nyenX	ʒiɛ̂n
1632	𦆀	山開三上仙邪	zjenX	sziɛ̌n'
1633	輦	山開三上仙來	ljenX	liɛ̂n
1634	齴	山開三上仙疑B	ngjenX	ŋjiɛ̂n
1635	件	山開三上仙羣B	gjenX	giɛ̌n'
1636	辯	山開三上仙並B	bjenX	biɛ̌n'
1637	緬	山開三上仙明A	mjienX	miɛ̂n
1638	褊	山開三上仙幫A	pjienX	piɛ̂n
1639	臇	山合三上仙精	tsjwenX	tsyuɛ̂n
1640	雋	山合三上仙從	dzjwenX	dzyuɛ̌n'
1641	辡	山開三上仙幫B	pjenX	piɛ̂n
1642	兖	山合三上仙以	ywenX	jyuɛ̂n
1643	臠	山合三上仙來	ljwenX	lyuɛ̂n
1644	轉	山合三上仙知	trjwenX	tʃyuɛ̂n
1645	卷	山合三上仙見B	kjwenX	kyuɛ̂n
1646	圈	山合三上仙羣B	gjwenX	gyuɛ̌n'
1647	輭	山合三上仙日	nywenX	ʒyuɛ̂n
1648	舛	山合三上仙昌	tsyhwenX	tʃhyuɛ̂n
1649	膞	山合三上仙常	dzywenX	ʃʒyuɛ̌n'
1650	篆	山合三上仙澄	drjwenX	dʒyuɛ̌n'
1651	剸	山合三上仙章	tsywenX	tʃyuɛ̂n
1652	選	山合三上仙心	sjwenX	syuɛ̂n
1653	撰	山合三上仙崇	dzrjwenX	ɖʐwân
1654	蜎	山合三上仙羣A	gjwienX	gyuɛ̌n'
1655	蠉	山合三上仙曉A	xjwienX	hyuɛ̂n
1656	楩	山開三上仙並A	bjienX	biɛ̌n'
1657	免	山開三上仙明B	mjenX	miɛ̂n
1658	搌	山開三上仙徹	trhjenX	tʃhiɛ̂n
1659	鴘	山開三上仙滂B	phjenX	phiɛ̂n
1660	㒄	山開三上仙書	syenX	ʃiɛ̂n
1661	㫃	山開三上仙影B	'jenX	ʔiɛ̂n
1662	邅	山開三上仙澄	drjenX	dʒiɛ̌n'
1663	棧	山開三上仙崇	dzrjenX	ɖʐân
1664	篠	效開四上蕭心	sewX	siɛ̂w
1665	皎	效開四上蕭見	kewX	kiɛ̂w
1666	鳥	效開四上蕭端	tewX	tiɛ̂w
1667	了	效開四上蕭來	lewX	liɛ̂w
1668	朓	效開四上蕭透	thewX	thiɛ̂w
1669	䥵	效開四上蕭曉	xewX	hiɛ̂w
1670	杳	效開四上蕭影	'ewX	ʔiɛ̂w
1671	嬲	效開四上蕭泥	newX	niɛ̂w
1672	皛	效開四上蕭匣	hewX	ɦiɛ̌w'
1673	窕	效開四上蕭定	dewX	diɛ̌w'
1674	磽	效開四上蕭溪	khewX	khiɛ̂w
1675	湫	效開四上蕭精	tsewX	tsiɛ̂w
1676	小	效開三上宵心	sjewX	siɛ̂w
1677	肇	效開三上宵澄	drjewX	dʒiɛ̌w'
1678	沼	效開三上宵章	tsyewX	tʃiɛ̂w
1679	夭	效開三上宵影B	'jewX	ʔiɛ̂w
1680	巐	效開三上宵徹	trhjewX	tʃhiɛ̂w
1681	少	效開三上宵書	syewX	ʃiɛ̂w
1682	擾	效開三上宵日	nyewX	ʒiɛ̂w
1683	摽	效開三上宵並A	bjiewX	biɛ̌w'
1684	𪍑	效開三上宵昌	tsyhewX	tʃhiɛ̂w
1685	縹	效開三上宵滂A	phjiewX	phiɛ̂w
1686	眇	效開三上宵明A	mjiewX	miɛ̂w
1687	紹	效開三上宵常	dzyewX	ʃʒiɛ̌w'
1688	矯	效開三上宵見B	kjewX	kiɛ̂w
1689	表	效開三上宵幫B	pjewX	piɛ̂w
1690	褾	效開三上宵幫A	pjiewX	piɛ̂w
1691	藨	效開三上宵並B	bjewX	biɛ̌w'
1692	鷕	效開三上宵以	yewX	jiɛ̂w
1693	悄	效開三上宵清	tshjewX	tshiɛ̂w
1694	𠞰	效開三上宵精	tsjewX	tsiɛ̂w
1695	𨲭	效開三上宵羣B	gjewX	giɛ̌w'
1696	繚	效開三上宵來	ljewX	liɛ̂w
1697	麃	效開三上宵滂B	phjewX	phiɛ̂w
1698	闄	效開三上宵影A	'jiewX	ʔiɛ̂w
1699	巧	效開二上肴溪	khaewX	khiâw
1700	澩	效開二上肴匣	haewX	ɦiǎw'
1701	飽	效開二上肴幫	paewX	pâw
1702	㺒	效開二上肴孃	nraewX	nâw
1703	卯	效開二上肴明	maewX	mâw
1704	絞	效開二上肴見	kaewX	kiâw
1705	爪	效開二上肴莊	tsraewX	ʈʂâw
1706	拗	效開二上肴影	'aewX	ʔiâw
1707	鮑	效開二上肴並	baewX	bǎw'
1708	齩	效開二上肴疑	ngaewX	ŋjiâw
1709	䰫	效開二上肴崇	dzraewX	ɖʐâw
1710	煼	效開二上肴初	tsrhaewX	ʈʂhâw
1711	䝤	效開二上肴知	traewX	ʈʂâw
1712	𢾐	效開二上肴生	sraewX	ʂâw
1713	晧	效開一上豪匣	hawX	ɦǎw'
1714	抱	效開一上豪並	bawX	bǎw'
1715	老	效開一上豪來	lawX	lâw
1716	討	效開一上豪透	thawX	thâw
1717	道	效開一上豪定	dawX	dǎw'
1718	堖	效開一上豪泥	nawX	nâw
1719	㛮	效開一上豪心	sawX	sâw
1720	倒	效開一上豪端	tawX	tâw
1721	草	效開一上豪清	tshawX	tshâw
1722	早	效開一上豪精	tsawX	tsâw
1723	皁	效開一上豪從	dzawX	dzǎw'
1724	暠	效開一上豪見	kawX	kâw
1725	好	效開一上豪曉	xawX	hâw
1726	蓩	效開一上豪明	mawX	mâw
1727	寶	效開一上豪幫	pawX	pâw
1728	襖	效開一上豪影	'awX	ʔâw
1729	考	效開一上豪溪	khawX	khâw
1730	𦽀	效開一上豪疑	ngawX	ŋâw
1731	哿	果開一上歌見	kaX	kɔ̂
1732	瑳	果開一上歌清	tshaX	tshɔ̂
1733	嚲	果開一上歌端	taX	tɔ̂
1734	縒	果開一上歌心	saX	sɔ̂
1735	爹	果開一上歌定	daX	dɔ̌'
1736	我	果開一上歌疑	ngaX	ŋɔ̂
1737	袉	果開一上歌透	thaX	thɔ̂
1738	㰁	果開一上歌來	laX	lɔ̂
1739	橠	果開一上歌泥	naX	nɔ̂
1740	荷	果開一上歌匣	haX	ɦɔ̌'
1741	㰤	果開一上歌曉	xaX	hɔ̂
1742	可	果開一上歌溪	khaX	khɔ̂
1743	𨵌	果開一上歌影	'aX	ʔɔ̂
1744	左	果開一上歌精	tsaX	tsɔ̂
1745	果	果合一上戈見	kwaX	kwɔ̂
1746	埵	果合一上戈端	twaX	twɔ̂
1747	鎖	果合一上戈心	swaX	swɔ̂
1748	墮	果合一上戈定	dwaX	dwɔ̌'
1749	妥	果合一上戈透	thwaX	thwɔ̂
1750	麼	果合一上戈明	maX	mwɔ̂
1751	坐	果合一上戈從	dzwaX	dzwɔ̌'
1752	㛂	果合一上戈疑	ngwaX	ŋwɔ̂
1753	裸	果合一上戈來	lwaX	lwɔ̂
1754	婐	果合一上戈影	'waX	ʔwɔ̂
1755	㛂	果合一上戈泥	nwaX	nwɔ̂
1756	跛	果合一上戈幫	paX	pwɔ̂
1757	叵	果合一上戈滂	phaX	phwɔ̂
1758	禍	果合一上戈匣	hwaX	ɦwɔ̌'
1759	火	果合一上戈曉	xwaX	hwɔ̂
1760	顆	果合一上戈溪	khwaX	khwɔ̂
1761	爸	果開一上歌並	baX	bɔ̌'
1762	脞	果合一上戈清	tshwaX	tshwɔ̂
1763	硰	果合一上戈精	tswaX	tswɔ̂
1764	馬	假開二上麻明	maeX	mâ
1765	者	假開三上麻章	tsyaeX	tʃiɛ̂
1766	野	假開三上麻以	yaeX	jiɛ̂
1767	雅	假開二上麻疑	ngaeX	ŋjiâ
1768	檟	假開二上麻見	kaeX	kiâ
1769	灑	假開二上麻生	sraeX	ʂâ
1770	啞	假開二上麻影	'aeX	ʔiâ
1771	灺	假開三上麻邪	zjaeX	sziɛ̌'
1772	下	假開二上麻匣	haeX	ɦiǎ'
1773	寫	假開三上麻心	sjaeX	siɛ̂
1774	𡎬	果合三上戈精	tsjwaX	tsyuɛ̂
1775	乜	假開三上麻明	mjaeX	miɛ̂
1776	且	假開三上麻清	tshjaeX	tshiɛ̂
1777	㗿	假開二上麻曉	xaeX	hiâ
1778	社	假開三上麻常	dzyaeX	ʃʒiɛ̌'
1779	跒	假開二上麻溪	khaeX	khiâ
1780	跁	假開二上麻並	baeX	bǎ'
1781	捨	假開三上麻書	syaeX	ʃiɛ̂
1782	姐	假開三上麻精	tsjaeX	tsiɛ̂
1783	把	假開二上麻幫	paeX	pâ
1784	踝	假合二上麻匣	hwaeX	ɦwǎ'
1785	寡	假合二上麻見	kwaeX	kwâ
1786	瓦	假合二上麻疑	ngwaeX	ŋwâ
1787	若	假開三上麻日	nyaeX	ʒiɛ̂
1788	鮓	假開二上麻莊	tsraeX	ʈʂâ
1789	觰	假開二上麻知	traeX	ʈʂâ
1790	槎	假開二上麻崇	dzraeX	ɖʐâ
1791	奲	假開三上麻昌	tsyhaeX	tʃhiɛ̂
1792	䋾	假開二上麻知	traeX	ʈʂâ
1793	䋈	假開二上麻孃	nraeX	nâ
1794	髁	假合二上麻溪	khwaeX	khwâ
1795	䂳	假合二上麻初	tsrhwaeX	ʈʂhwâ
1796	䊬	假合二上麻徹	trhwaeX	ʈʂhwâ
1797	葰	假合二上麻生	srwaeX	ʂwâ
1798	奼	假開二上麻徹	trhaeX	ʈʂhâ
1799	藞	假開二上麻來	laeX	lâ
1800	養	宕開三上陽以	yangX	jiɑ̂ŋ
1801	像	宕開三上陽邪	zjangX	sziɑ̌ŋ'
1802	㢡	宕開三上陽精	tsjangX	tsiɑ̂ŋ
1803	㒳	宕開三上陽來	ljangX	liɑ̂ŋ
1804	鞅	宕開三上陽影	'jangX	ʔiɑ̂ŋ
1805	勥	宕開三上陽羣	gjangX	giɑ̌ŋ'
1806	仰	宕開三上陽疑	ngjangX	ŋjiɑ̂ŋ
1807	磢	宕開三上陽初	tsrhjangX	ʈʂhwɑ̂ŋ
1808	想	宕開三上陽心	sjangX	siɑ̂ŋ
1809	掌	宕開三上陽章	tsyangX	tʃiɑ̂ŋ
1810	𤕤	宕開三上陽生	srjangX	ʂwɑ̂ŋ
1811	響	宕開三上陽曉	xjangX	hiɑ̂ŋ
1812	敞	宕開三上陽昌	tsyhangX	tʃhiɑ̂ŋ
1813	繈	宕開三上陽見	kjangX	kiɑ̂ŋ
1814	丈	宕開三上陽澄	drjangX	dʒiɑ̌ŋ'
1815	昶	宕開三上陽徹	trhjangX	tʃhiɑ̂ŋ
1816	獷	宕合三上陽見	kjwangX	kwɑ̂ŋ
1817	壤	宕開三上陽日	nyangX	ʒiɑ̂ŋ
1818	賞	宕開三上陽書	syangX	ʃiɑ̂ŋ
1819	髣	宕合三上陽滂	phjangX	fɑ̂ŋ
1820	网	宕合三上陽明	mjangX	vɑ̂ŋ
1821	昉	宕合三上陽幫	pjangX	fɑ̂ŋ
1822	枉	宕合三上陽影	'jwangX	ʔwɑ̂ŋ
1823	往	宕合三上陽云	hjwangX	wɑ̂ŋ
1824	怳	宕合三上陽曉	xjwangX	hwɑ̂ŋ
1825	搶	宕開三上陽清	tshjangX	tshiɑ̂ŋ
1826	長	宕開三上陽知	trjangX	tʃiɑ̂ŋ
1827	上	宕開三上陽常	dzyangX	ʃʒiɑ̌ŋ'
1828	俇	宕合三上陽羣	gjwangX	gwɑ̌ŋ'
1829	臩	宕合三上陽見	kjwangX	kwɑ̂ŋ
1830	𩦠	宕合三上陽並	bjangX	fvɑ̌ŋ'
1831	䫪	宕開三上陽初	tsrhjangX	ʈʂhwɑ̂ŋ
1832	蕩	宕開一上唐定	dangX	dɑ̌ŋ'
1833	顙	宕開一上唐心	sangX	sɑ̂ŋ
1834	廣	宕合一上唐見	kwangX	kwɑ̂ŋ
1835	榜	宕開一上唐幫	pangX	pɑ̂ŋ
1836	駔	宕開一上唐精	tsangX	tsɑ̂ŋ
1837	曩	宕開一上唐泥	nangX	nɑ̂ŋ
1838	沆	宕開一上唐匣	hangX	ɦɑ̌ŋ'
1839	曭	宕開一上唐透	thangX	thɑ̂ŋ
1840	莽	宕開一上唐明	mangX	mɑ̂ŋ
1841	黨	宕開一上唐端	tangX	tɑ̂ŋ
1842	朗	宕開一上唐來	langX	lɑ̂ŋ
1843	坱	宕開一上唐影	'angX	ʔɑ̂ŋ
1844	慷	宕開一上唐溪	khangX	khɑ̂ŋ
1845	㳹	宕合一上唐影	'wangX	ʔwɑ̂ŋ
1846	晃	宕合一上唐匣	hwangX	ɦwɑ̌ŋ'
1847	髈	宕開一上唐滂	phangX	phɑ̂ŋ
1848	慌	宕合一上唐曉	xwangX	hwɑ̂ŋ
1849	䴚	宕開一上唐見	kangX	kɑ̂ŋ
1850	䭹	宕開一上唐疑	ngangX	ŋɑ̂ŋ
1851	奘	宕開一上唐從	dzangX	dzɑ̌ŋ'
1852	蒼	宕開一上唐清	tshangX	tshɑ̂ŋ
1853	汻	宕開一上唐曉	xangX	hɑ̂ŋ
1854	懬	宕合一上唐溪	khwangX	khwɑ̂ŋ
1855	梗	梗開二上庚見	kaengX	kə̂ŋ
1856	丙	梗開三上庚幫	pjaengX	pîŋ
1857	警	梗開三上庚見	kjaengX	kîŋ
1858	影	梗開三上庚影	'jaengX	ʔîŋ
1859	省	梗開三上庚生	srjaengX	ʂə̂ŋ
1860	永	梗合三上庚云	hjwaengX	jyuə̂ŋ
1861	𦬺	梗合三上庚曉	xjwaengX	hyuə̂ŋ
1862	皿	梗開三上庚明	mjaengX	mîŋ
1863	憬	梗合三上庚見	kjwaengX	kyuə̂ŋ
1864	杏	梗開二上庚匣	haengX	ɦə̌ŋ'
1865	猛	梗開二上庚明	maengX	mə̂ŋ
1866	礦	梗合二上庚見	kwaengX	kwə̂ŋ
1867	浜	梗開二上庚幫	paengX	pə̂ŋ
1868	盯	梗開二上庚知	traengX	ʈʂə̂ŋ
1869	瑒	梗開二上庚澄	draengX	ɖʐə̂ŋ
1870	䁝	梗合二上庚影	'waengX	ʔwə̂ŋ
1871	打	梗開二上庚端	taengX	tə̂ŋ
1872	冷	梗開二上庚來	laengX	lə̂ŋ
1873	卝	梗合二上庚匣	hwaengX	ɦwə̌ŋ'
1874	鮩	梗開二上庚並	baengX	bə̌ŋ'
1875	𥉁	梗合二上庚溪	khwaengX	khwə̂ŋ
1876	檸	梗開二上庚孃	nraengX	nə̂ŋ
1877	耿	梗開二上耕見	keangX	kə̂ŋ
1878	䁅	梗開二上耕明	meangX	mə̂ŋ
1879	幸	梗開二上耕匣	heangX	ɦə̌ŋ'
1880	𠊧	梗開二上耕並	beangX	bə̌ŋ'
1881	皏	梗開二上耕滂	pheangX	phə̂ŋ
1882	靜	梗開三上清從	dzjengX	dzǐŋ'
1883	整	梗開三上清章	tsyengX	tʃîŋ
1884	逞	梗開三上清徹	trhjengX	tʃhîŋ
1885	郢	梗開三上清以	yengX	jîŋ
1886	痙	梗開三上清羣	gjiengX	gǐŋ'
1887	潁	梗合三上清以	ywengX	jyuə̂ŋ
1888	領	梗開三上清來	ljengX	lîŋ
1889	頸	梗開三上清見	kjiengX	kîŋ
1890	餅	梗開三上清幫	pjiengX	pîŋ
1891	頃	梗合三上清溪	khjwiengX	khyuə̂ŋ
1892	井	梗開三上清精	tsjengX	tsîŋ
1893	廮	梗開三上清影	'jiengX	ʔîŋ
1894	請	梗開三上清清	tshjengX	tshîŋ
1895	省	梗開三上清心	sjengX	sîŋ
1896	眳	梗開三上清明	mjiengX	mîŋ
1897	徎	梗開三上清澄	drjengX	dʒǐŋ'
1898	迥	梗合四上青匣	hwengX	ɦyuə̌ŋ'
1899	熲	梗合四上青見	kwengX	kyuə̂ŋ
1900	茗	梗開四上青明	mengX	mîŋ
1901	頂	梗開四上青端	tengX	tîŋ
1902	挺	梗開四上青定	dengX	dǐŋ'
1903	珽	梗開四上青透	thengX	thîŋ
1904	汫	梗開四上青從	dzengX	dzǐŋ'
1905	濙	梗合四上青影	'wengX	ʔyuə̂ŋ
1906	謦	梗開四上青溪	khengX	khîŋ
1907	𩕳	梗開四上青泥	nengX	nîŋ
1908	婞	梗開四上青匣	hengX	ɦǐŋ'
1909	醒	梗開四上青心	sengX	sîŋ
1910	鞞	梗開四上青幫	pengX	pîŋ
1911	褧	梗合四上青溪	khwengX	khyuə̂ŋ
1912	剄	梗開四上青見	kengX	kîŋ
1913	頩	梗開四上青滂	phengX	phîŋ
1914	巊	梗開四上青影	'engX	ʔîŋ
1915	笭	梗開四上青來	lengX	lîŋ
1916	竝	梗開四上青並	bengX	bǐŋ'
1917	詗	梗合四上青曉	xwengX	hyuə̂ŋ
1918	䀴	梗開四上青疑	ngengX	ŋjîŋ
1919	拯	曾開三上蒸章	tsyingX	tʃîŋ
1920	庱	曾開三上蒸徹	trhingX	tʃhîŋ
1921	殑	曾開三上蒸羣	gingX	gǐŋ'
1922	㱡	曾開三上蒸生	sringX	ʂə̂ŋ
1923	等	曾開一上登端	tongX	tə̂ŋ
1924	倗	曾開一上登滂	phongX	phə̂ŋ
1925	肯	曾開一上登溪	khongX	khə̂ŋ
1926	能	曾開一上登泥	nongX	nə̂ŋ
1927	有	流開三上尤云	hjuwX	jiôw
1928	柳	流開三上尤來	ljuwX	liôw
1929	狃	流開三上尤孃	nrjuwX	niôw
1930	丑	流開三上尤徹	trhjuwX	tʃhiôw
1931	肘	流開三上尤知	trjuwX	tʃiôw
1932	朽	流開三上尤曉	xjuwX	hiôw
1933	久	流開三上尤見	kjuwX	kiôw
1934	首	流開三上尤書	syuwX	ʃiôw
1935	醜	流開三上尤昌	tsyhuwX	tʃhiôw
1936	湫	流開三上尤從	dzjuwX	dziǒw'
1937	婦	流開三上尤並	bjuwX	fvǒw'
1938	缶	流開三上尤幫	pjuwX	fôw
1939	糗	流開三上尤溪	khjuwX	khiôw
1940	蹂	流開三上尤日	nyuwX	ʒiôw
1941	舅	流開三上尤羣	gjuwX	giǒw'
1942	紂	流開三上尤澄	drjuwX	dʒiǒw'
1943	酉	流開三上尤以	yuwX	jiôw
1944	受	流開三上尤常	dzyuwX	ʃʒiǒw'
1945	滫	流開三上尤心	sjuwX	siôw
1946	䬀	流開三上尤影	'juwX	ʔiôw
1947	酒	流開三上尤精	tsjuwX	tsiôw
1948	𣸈	流開三上尤生	srjuwX	ʂôw
1949	帚	流開三上尤章	tsyuwX	tʃiôw
1950	㤱	流開三上尤滂	phjuwX	fôw
1951	掫	流開三上尤莊	tsrjuwX	ʈʂôw
1952	𥣙	流開三上尤崇	dzrjuwX	ɖʐôw
1953	𩋄	流開三上尤初	tsrhjuwX	ʈʂhôw
1954	秠	流開三上尤滂	phjuwX	fôw
1955	厚	流開一上侯匣	huwX	ɦǒw'
1956	母	流開一上侯明	muwX	môw
1957	部	流開一上侯並	buwX	bǒw'
1958	斗	流開一上侯端	tuwX	tôw
1959	𪌘	流開一上侯透	thuwX	thôw
1960	苟	流開一上侯見	kuwX	kôw
1961	藕	流開一上侯疑	nguwX	ŋôw
1962	㨐	流開一上侯幫	puwX	pôw
1963	㝅	流開一上侯泥	nuwX	nôw
1964	叜	流開一上侯心	suwX	sôw
1965	吼	流開一上侯曉	xuwX	hôw
1966	剖	流開一上侯滂	phuwX	phôw
1967	歐	流開一上侯影	'uwX	ʔôw
1968	塿	流開一上侯來	luwX	lôw
1969	走	流開一上侯精	tsuwX	tsôw
1970	口	流開一上侯溪	khuwX	khôw
1971	䕆	流開一上侯定	duwX	dǒw'
1972	鯫	流開一上侯崇	dzruwX	ɖʐôw
1973	趣	流開一上侯清	tshuwX	tshôw
1974	黝	流開三上幽影	'jiwX	ʔiôw
1975	糾	流開三上幽見	kjiwX	kiôw
1976	蟉	流開三上幽羣	gjiwX	giǒw'
1977	寑	深開三上侵清	tshimX	tshîm
1978	朕	深開三上侵澄	drimX	dʒǐm'
1979	坅	深開三上侵溪A	khjimX	khîm
1980	廩	深開三上侵來	limX	lîm
1981	罧	深開三上侵心	simX	sîm
1982	踸	深開三上侵徹	trhimX	tʃhîm
1983	䤐	深開三上侵精	tsimX	tsîm
1984	荏	深開三上侵日	nyimX	ʒîm
1985	枕	深開三上侵章	tsyimX	tʃîm
1986	沈	深開三上侵書	syimX	ʃîm
1987	葚	深開三上侵船	zyimX	ʃʒǐm'
1988	甚	深開三上侵常	dzyimX	ʃʒǐm'
1989	瀋	深開三上侵昌	tsyhimX	tʃhîm
1990	墋	深開三上侵初	tsrhimX	ʈʂhə̂m
1991	拰	深開三上侵孃	nrimX	nîm
1992	噤	深開三上侵羣B	gimX	gǐm'
1993	錦	深開三上侵見B	kimX	kîm
1994	蕈	深開三上侵從	dzimX	dzǐm'
1995	僸	深開三上侵疑B	ngimX	ŋjîm
1996	㾕	深開三上侵生	srimX	ʂə̂m
1997	稟	深開三上侵幫B	pimX	pîm
1998	㱃	深開三上侵影B	'imX	ʔîm
1999	品	深開三上侵滂B	phimX	phîm
2000	𩖄	深開三上侵溪B	khimX	khîm
2001	廞	深開三上侵曉B	ximX	hîm
2002	戡	深開三上侵知	trimX	tʃîm
2003	潭	深開三上侵以	yimX	jîm
2004	𩒣	深開三上侵崇	dzrimX	ɖʐə̂m
2005	感	咸開一上覃見	komX	kâm
2006	禫	咸開一上覃定	domX	dǎm'
2007	晻	咸開一上覃影	'omX	ʔâm
2008	腩	咸開一上覃泥	nomX	nâm
2009	襑	咸開一上覃透	thomX	thâm
2010	歜	咸開一上覃從	dzomX	dzǎm'
2011	慘	咸開一上覃清	tshomX	tshâm
2012	顉	咸開一上覃疑	ngomX	ŋâm
2013	昝	咸開一上覃精	tsomX	tsâm
2014	糂	咸開一上覃心	somX	sâm
2015	坎	咸開一上覃溪	khomX	khâm
2016	頷	咸開一上覃匣	homX	ɦǎm'
2017	壈	咸開一上覃來	lomX	lâm
2018	黕	咸開一上覃端	tomX	tâm
2019	䫲	咸開一上覃曉	xomX	hâm
2020	敢	咸開一上談見	kamX	kâm
2021	㶒	咸開一上談書	syamX	ʃâm
2022	覽	咸開一上談來	lamX	lâm
2023	𦵹	咸開一上談透	thamX	thâm
2024	膽	咸開一上談端	tamX	tâm
2025	噉	咸開一上談定	damX	dǎm'
2026	黲	咸開一上談清	tshamX	tshâm
2027	㛧	咸開一上談明	mamX	mâm
2028	䭕	咸開一上談精	tsamX	tsâm
2029	槧	咸開一上談從	dzamX	dzǎm'
2030	喊	咸開一上談曉	xamX	hâm
2031	埯	咸開一上談影	'amX	ʔâm
2032	𠪚	咸開一上談溪	khamX	khâm
2033	琰	咸開三上鹽以	yemX	jiɛ̂m
2034	斂	咸開三上鹽來	ljemX	liɛ̂m
2035	險	咸開三上鹽曉B	xjemX	hiɛ̂m
2036	貶	咸開三上鹽幫B	pjemX	piɛ̂m
2037	颭	咸開三上鹽章	tsyemX	tʃiɛ̂m
2038	𩑳	咸開三上鹽溪B	khjemX	khiɛ̂m
2039	顩	咸開三上鹽疑B	ngjemX	ŋjiɛ̂m
2040	儉	咸開三上鹽羣B	gjemX	giɛ̌m'
2041	檢	咸開三上鹽見B	kjemX	kiɛ̂m
2042	黶	咸開三上鹽影A	'jiemX	ʔiɛ̂m
2043	冉	咸開三上鹽日	nyemX	ʒiɛ̂m
2044	陝	咸開三上鹽書	syemX	ʃiɛ̂m
2045	諂	咸開三上鹽徹	trhjemX	tʃhiɛ̂m
2046	奄	咸開三上鹽影B	'jemX	ʔiɛ̂m
2047	漸	咸開三上鹽從	dzjemX	dziɛ̌m'
2048	憸	咸開三上鹽清	tshjemX	tshiɛ̂m
2049	𩟗	咸開三上鹽精	tsjemX	tsiɛ̂m
2050	脥	咸開三上鹽溪A	khjiemX	khiɛ̂m
2051	剡	咸開三上鹽常	dzyemX	ʃʒiɛ̌m'
2052	忝	咸開四上添透	themX	thiɛ̂m
2053	淰	咸開四上添泥	nemX	niɛ̂m
2054	點	咸開四上添端	temX	tiɛ̂m
2055	簟	咸開四上添定	demX	diɛ̌m'
2056	嗛	咸開四上添溪	khemX	khiɛ̂m
2057	稴	咸開四上添來	lemX	liɛ̂m
2058	鼸	咸開四上添匣	hemX	ɦiɛ̌m'
2059	憯	咸開四上添清	tshemX	tshiɛ̂m
2060	孂	咸開四上添見	kemX	kiɛ̂m
2061	𡕢	咸開四上添明	memX	miɛ̂m
2062	儼	咸開三上嚴疑	ngjaemX	ŋjiɛ̂m
2063	欦	咸開三上嚴溪	khjaemX	khiɛ̂m
2064	埯	咸開三上嚴影	'jaemX	ʔiɛ̂m
2065	豏	咸開二上咸匣	heamX	ɦiǎm'
2066	湛	咸開二上咸澄	dreamX	ɖʐâm
2067	㦿	咸開二上咸溪	kheamX	khiâm
2068	鹼	咸開二上咸見	keamX	kiâm
2069	瀺	咸開二上咸崇	dzreamX	ɖʐâm
2070	臉	咸開二上咸來	leamX	lâm
2071	斬	咸開二上咸莊	tsreamX	ʈʂâm
2072	䑎	咸開二上咸初	tsrheamX	ʈʂhâm
2073	闞	咸開二上咸曉	xeamX	hiâm
2074	摻	咸開二上咸生	sreamX	ʂâm
2075	黯	咸開二上咸影	'eamX	ʔiâm
2076	喊	咸開二上咸曉	xeamX	hiâm
2077	𦊔	咸開二上咸孃	nreamX	nâm
2078	𠐩	咸開二上咸徹	trheamX	ʈʂhâm
2079	檻	咸開二上銜匣	haemX	ɦiǎm'
2080	䫡	咸開二上銜溪	khaemX	khiâm
2081	㨻	咸開二上銜生	sraemX	ʂâm
2082	黤	咸開二上銜影	'aemX	ʔiâm
2083	醶	咸開二上銜初	tsrhaemX	ʈʂhâm
2084	㺖	咸開二上銜曉	xaemX	hiâm
2085	巉	咸開二上銜崇	dzraemX	ɖʐâm
2086	范	咸合三上凡並	bjomX	fvǎm'
2087	錽	咸合三上凡明	mjomX	vâm
2088	𦜒	咸合三上凡幫	pjomX	fâm
2089	凵	咸合三上凡溪	khjomX	khyuɛ̂m
2090	釩	咸合三上凡滂	phjomX	fâm
2091	𠑆	咸合三上凡徹	trhjomX	tʃhyuɛ̂m
2092	送	通開一去東心	suwngH	sǔŋ
2093	鳳	通開三去東並	bjuwngH	fvǔŋ
2094	貢	通開一去東見	kuwngH	kǔŋ
2095	弄	通開一去東來	luwngH	lǔŋ
2096	涷	通開一去東端	tuwngH	tǔŋ
2097	控	通開一去東溪	khuwngH	khǔŋ
2098	糉	通開一去東精	tsuwngH	tsǔŋ
2099	瓮	通開一去東影	'uwngH	ʔǔŋ
2100	𧩪	通開一去東清	tshuwngH	tshǔŋ
2101	洞	通開一去東定	duwngH	dǔŋ
2102	痛	通開一去東透	thuwngH	thǔŋ
2103	仲	通開三去東澄	drjuwngH	dʒyǔŋ
2104	諷	通開三去東幫	pjuwngH	fǔŋ
2105	焪	通開三去東溪	khjuwngH	khyǔŋ
2106	㝱	通開三去東明	mjuwngH	mǔŋ
2107	𧽒	通開三去東曉	xjuwngH	hyǔŋ
2108	𢄐	通開一去東明	muwngH	mǔŋ
2109	趥	通開三去東清	tshjuwngH	tshyǔŋ
2110	賵	通開三去東滂	phjuwngH	fǔŋ
2111	𣀒	通開一去東從	dzuwngH	dzǔŋ
2112	中	通開三去東知	trjuwngH	tʃyǔŋ
2113	哄	通開一去東匣	huwngH	ɦǔŋ
2114	齈	通開一去東泥	nuwngH	nǔŋ
2115	衆	通開三去東章	tsyuwngH	tʃyǔŋ
2116	銃	通開三去東昌	tsyhuwngH	tʃhyǔŋ
2117	㓽	通開三去東崇	dzrjuwngH	ɖʐǔŋ
2118	烘	通開一去東曉	xuwngH	hǔŋ
2119	宋	通開一去冬心	sowngH	sǔŋ
2120	綜	通開一去冬精	tsowngH	tsǔŋ
2121	統	通開一去冬透	thowngH	thǔŋ
2122	雺	通開一去冬明	mowngH	mǔŋ
2123	䃔	通開一去冬匣	howngH	ɦǔŋ
2124	用	通開三去鍾以	yowngH	jyǔŋ
2125	頌	通開三去鍾邪	zjowngH	szyǔŋ
2126	俸	通開三去鍾並	bjowngH	fvǔŋ
2127	共	通開三去鍾羣	gjowngH	gyǔŋ
2128	葑	通開三去鍾幫	pjowngH	fǔŋ
2129	供	通開三去鍾見	kjowngH	kyǔŋ
2130	雍	通開三去鍾影	'jowngH	ʔyǔŋ
2131	湩	通開三去鍾知	trjowngH	tʃyǔŋ
2132	縱	通開三去鍾精	tsjowngH	tsyǔŋ
2133	蹱	通開三去鍾徹	trhjowngH	tʃhyǔŋ
2134	䩸	通開三去鍾日	nyowngH	ʒyǔŋ
2135	種	通開三去鍾章	tsyowngH	tʃyǔŋ
2136	重	通開三去鍾澄	drjowngH	dʒyǔŋ
2137	贚	通開三去鍾來	ljowngH	lyǔŋ
2138	恐	通開三去鍾溪	khjowngH	khyǔŋ
2139	從	通開三去鍾從	dzjowngH	dzyǔŋ
2140	𢫨	通開三去鍾孃	nrjowngH	nyǔŋ
2141	絳	江開二去江見	kaewngH	kiɑ̌ŋ
2142	巷	江開二去江匣	haewngH	ɦiɑ̌ŋ
2143	戇	江開二去江知	traewngH	ʈʂwɑ̌ŋ
2144	䡴	江開二去江澄	draewngH	ɖʐwɑ̌ŋ
2145	𥈄	江開二去江徹	trhaewngH	ʈʂhwɑ̌ŋ
2146	漴	江開二去江崇	dzraewngH	ɖʐwɑ̌ŋ
2147	肨	江開二去江滂	phaewngH	phɑ̌ŋ
2148	䎫	江開二去江初	tsrhaewngH	ʈʂhwɑ̌ŋ
2149	淙	江開二去江生	sraewngH	ʂwɑ̌ŋ
2150	寘	止開三去支章	tsyeH	tʃiɨ̌
2151	避	止開三去支並A	bjieH	bǐ
2152	惴	止合三去支章	tsyweH	ʈʂǔi
2153	詈	止開三去支來	ljeH	lǐ
2154	豉	止開三去支常	dzyeH	ʃʒiɨ̌
2155	積	止開三去支精	tsjeH	tsɨ̌
2156	賜	止開三去支心	sjeH	sɨ̌
2157	爲	止合三去支云	hjweH	ǔi
2158	䞈	止合三去支見B	kjweH	kǔi
2159	帔	止開三去支滂B	phjeH	phǐ
2160	賁	止開三去支幫B	pjeH	pǐ
2161	髲	止開三去支並B	bjeH	bǐ
2162	累	止合三去支來	ljweH	lǔi
2163	寄	止開三去支見B	kjeH	kǐ
2164	臂	止開三去支幫A	pjieH	pǐ
2165	芰	止開三去支羣B	gjeH	gǐ
2166	刺	止開三去支清	tshjeH	tshɨ̌
2167	易	止開三去支以	yeH	jǐ
2168	議	止開三去支疑B	ngjeH	ŋjǐ
2169	譬	止開三去支滂A	phjieH	phǐ
2170	漬	止開三去支從	dzjeH	dzɨ̌
2171	智	止開三去支知	trjeH	tʃǐ
2172	倚	止開三去支影B	'jeH	ʔǐ
2173	縋	止合三去支澄	drjweH	ɖʐǔi
2174	吹	止合三去支昌	tsyhweH	ʈʂhǔi
2175	戲	止開三去支曉B	xjeH	hǐ
2176	企	止開三去支溪A	khjieH	khǐ
2177	縊	止開三去支影A	'jieH	ʔǐ
2178	翅	止開三去支書	syeH	ʃiɨ̌
2179	屣	止開三去支生	srjeH	ʂɨ̌
2180	觖	止合三去支溪A	khjwieH	khǔi
2181	餧	止合三去支影B	'jweH	ʔǔi
2182	僞	止合三去支疑B	ngjweH	ŋǔi
2183	毀	止合三去支曉B	xjweH	hǔi
2184	恚	止合三去支影A	'jwieH	ʔǔi
2185	睡	止合三去支常	dzyweH	ʂʐǔi
2186	馶	止開三去支見A	kjieH	kǐ
2187	䄲	止合三去支日	nyweH	ʒǔi
2188	卶	止開三去支昌	tsyheH	tʃhiɨ̌
2189	䅗	止合三去支心	sjweH	sǔi
2190	娷	止合三去支知	trjweH	ʈʂǔi
2191	瓗	止合三去支以	yweH	ǔi
2192	諉	止合三去支孃	nrjweH	nǔi
2193	瞡	止合三去支見A	kjwieH	kǔi
2194	𧙁	止開三去支莊	tsrjeH	ʈʂɨ̌
2195	孈	止合三去支曉A	xjwieH	hǔi
2196	㞆	止開三去支溪B	khjeH	khǐ
2197	至	止開三去脂章	tsyijH	tʃiɨ̌
2198	位	止合三去脂云	hwijH	ǔi
2199	郿	止開三去脂明B	mijH	mǐ
2200	遂	止合三去脂邪	zwijH	szǔi
2201	醉	止合三去脂精	tswijH	tsǔi
2202	邃	止合三去脂心	swijH	sǔi
2203	類	止合三去脂來	lwijH	lǔi
2204	祕	止開三去脂幫B	pijH	pǐ
2205	匱	止合三去脂羣B	gwijH	gǔi
2206	濞	止開三去脂滂B	phijH	phǐ
2207	備	止開三去脂並B	bijH	bǐ
2208	媿	止合三去脂見B	kwijH	kǔi
2209	帥	止合三去脂生	srwijH	ʂǔi
2210	喟	止合三去脂溪B	khwijH	khǔi
2211	豷	止合三去脂曉B	xwijH	hǔi
2212	嗜	止開三去脂常	dzyijH	ʃʒiɨ̌
2213	利	止開三去脂來	lijH	lǐ
2214	膩	止開三去脂孃	nrijH	nǐ
2215	屁	止開三去脂滂A	phjijH	phǐ
2216	劓	止開三去脂疑B	ngijH	ŋjǐ
2217	致	止開三去脂知	trijH	tʃǐ
2218	棄	止開三去脂溪A	khjijH	khǐ
2219	緻	止開三去脂澄	drijH	dʒǐ
2220	寐	止開三去脂明A	mjijH	mǐ
2221	杘	止開三去脂徹	trhijH	tʃhǐ
2222	冀	止開三去脂見B	kijH	kǐ
2223	臮	止開三去脂羣B	gijH	gǐ
2224	悸	止合三去脂羣A	gjwijH	gǔi
2225	翠	止合三去脂清	tshwijH	tshǔi
2226	二	止開三去脂日	nyijH	ɻ̌
2227	恣	止開三去脂精	tsijH	tsɨ̌
2228	次	止開三去脂清	tshijH	tshɨ̌
2229	懿	止開三去脂影B	'ijH	ʔǐ
2230	四	止開三去脂心	sijH	sɨ̌
2231	器	止開三去脂溪B	khijH	khǐ
2232	季	止合三去脂見A	kjwijH	kǔi
2233	鼻	止開三去脂並A	bjijH	bǐ
2234	䁤	止合三去脂曉A	xjwijH	hǔi
2235	痹	止開三去脂幫A	pjijH	pǐ
2236	萃	止合三去脂從	dzwijH	dzǔi
2237	地	止開三去脂定	dijH	dǐ
2238	齂	止開三去脂曉B	xijH	hǐ
2239	肄	止開三去脂以	yijH	jǐ
2240	示	止開三去脂船	zyijH	ʃʒiɨ̌
2241	自	止開三去脂從	dzijH	dzɨ̌
2242	墜	止合三去脂澄	drwijH	ɖʐǔi
2243	出	止合三去脂昌	tsyhwijH	ʈʂhǔi
2244	遺	止合三去脂以	ywijH	ǔi
2245	侐	止合三去脂曉A	xjwijH	hǔi
2246	轛	止合三去脂知	trwijH	ʈʂǔi
2247	痓	止開三去脂昌	tsyhijH	tʃhiɨ̌
2248	屍	止開三去脂書	syijH	ʃiɨ̌
2249	㿷	止合三去脂初	tsrhwijH	ʈʂhǔi
2250	㽷	止合三去脂書	sywijH	ʂǔi
2251	志	止開三去之章	tsyiH	tʃiɨ̌
2252	值	止開三去之澄	driH	dʒǐ
2253	寺	止開三去之邪	ziH	szɨ̌
2254	蛓	止開三去之清	tshiH	tshɨ̌
2255	笥	止開三去之心	siH	sɨ̌
2256	試	止開三去之書	syiH	ʃiɨ̌
2257	胾	止開三去之莊	tsriH	ʈʂɨ̌
2258	吏	止開三去之來	liH	lǐ
2259	字	止開三去之從	dziH	dzɨ̌
2260	眙	止開三去之徹	trhiH	tʃhǐ
2261	餌	止開三去之日	nyiH	ɻ̌
2262	駛	止開三去之生	sriH	ʂɨ̌
2263	廁	止開三去之初	tsrhiH	ʈʂhɨ̌
2264	異	止開三去之以	yiH	jǐ
2265	置	止開三去之知	triH	tʃǐ
2266	侍	止開三去之常	dzyiH	ʃʒiɨ̌
2267	事	止開三去之崇	dzriH	ɖʐɨ̌
2268	忌	止開三去之羣	giH	gǐ
2269	熾	止開三去之昌	tsyhiH	tʃhiɨ̌
2270	意	止開三去之影	'iH	ʔǐ
2271	記	止開三去之見	kiH	kǐ
2272	憙	止開三去之曉	xiH	hǐ
2273	䰯	止開三去之疑	ngiH	ŋjǐ
2274	亟	止開三去之溪	khiH	khǐ
2275	未	止合三去微明	mj+jH	vǐ
2276	貴	止合三去微見	kjw+jH	kǔi
2277	胃	止合三去微云	hjw+jH	ǔi
2278	魏	止合三去微疑	ngjw+jH	ŋǔi
2279	沸	止合三去微幫	pj+jH	fǐ
2280	費	止合三去微滂	phj+jH	fǐ
2281	𥽂	止合三去微溪	khjw+jH	khǔi
2282	尉	止合三去微影	'jw+jH	ʔǔi
2283	諱	止合三去微曉	xjw+jH	hǔi
2284	𥝋	止合三去微並	bj+jH	fvǐ
2285	旣	止開三去微見	kj+jH	kǐ
2286	毅	止開三去微疑	ngj+jH	ŋjǐ
2287	氣	止開三去微溪	khj+jH	khǐ
2288	欷	止開三去微曉	xj+jH	hǐ
2289	䤒	止開三去微羣	gj+jH	gǐ
2290	衣	止開三去微影	'j+jH	ʔǐ
2291	御	遇開三去魚疑	ngjoH	ŋjy̌
2292	慮	遇開三去魚來	ljoH	ly̌
2293	據	遇開三去魚見	kjoH	ky̌
2294	覰	遇開三去魚清	tshjoH	tshy̌
2295	㰦	遇開三去魚溪	khjoH	khy̌
2296	署	遇開三去魚常	dzyoH	ʃʒy̌
2297	恕	遇開三去魚書	syoH	ʃy̌
2298	著	遇開三去魚知	trjoH	tʃy̌
2299	䬡	遇開三去魚章	tsyoH	tʃy̌
2300	䟽	遇開三去魚生	srjoH	ʂǔ
2301	飫	遇開三去魚影	'joH	ʔy̌
2302	箸	遇開三去魚澄	drjoH	dʒy̌
2303	遽	遇開三去魚羣	gjoH	gy̌
2304	絮	遇開三去魚心	sjoH	sy̌
2305	助	遇開三去魚崇	dzrjoH	ɖʐǔ
2306	怚	遇開三去魚精	tsjoH	tsy̌
2307	詛	遇開三去魚莊	tsrjoH	ʈʂǔ
2308	洳	遇開三去魚日	nyoH	ʒy̌
2309	豫	遇開三去魚以	yoH	jy̌
2310	噓	遇開三去魚曉	xjoH	hy̌
2311	女	遇開三去魚孃	nrjoH	ny̌
2312	楚	遇開三去魚初	tsrhjoH	ʈʂhǔ
2313	處	遇開三去魚昌	tsyhoH	tʃhy̌
2314	絮	遇開三去魚徹	trhjoH	tʃhy̌
2315	𡲁	遇開三去魚邪	zjoH	szy̌
2316	遇	遇合三去虞疑	ngjuH	ŋjy̌
2317	嫗	遇合三去虞影	'juH	ʔy̌
2318	樹	遇合三去虞常	dzyuH	ʃʒy̌
2319	住	遇合三去虞澄	drjuH	dʒy̌
2320	附	遇合三去虞並	bjuH	fvǔ
2321	注	遇合三去虞章	tsyuH	tʃy̌
2322	屨	遇合三去虞見	kjuH	ky̌
2323	昫	遇合三去虞曉	xjuH	hy̌
2324	戍	遇合三去虞書	syuH	ʃy̌
2325	裕	遇合三去虞以	yuH	jy̌
2326	孺	遇合三去虞日	nyuH	ʒy̌
2327	赴	遇合三去虞滂	phjuH	fǔ
2328	務	遇合三去虞明	mjuH	vǔ
2329	緅	遇合三去虞精	tsjuH	tsy̌
2330	懼	遇合三去虞羣	gjuH	gy̌
2331	芋	遇合三去虞云	hjuH	jy̌
2332	埾	遇合三去虞從	dzjuH	dzy̌
2333	捒	遇合三去虞生	srjuH	ʂǔ
2334	付	遇合三去虞幫	pjuH	fǔ
2335	娶	遇合三去虞清	tshjuH	tshy̌
2336	註	遇合三去虞知	trjuH	tʃy̌
2337	驅	遇合三去虞溪	khjuH	khy̌
2338	菆	遇合三去虞初	tsrhjuH	ʈʂhǔ
2339	𨳳	遇合三去虞徹	trhjuH	tʃhy̌
2340	尠	遇合三去虞心	sjuH	sy̌
2341	屢	遇合三去虞來	ljuH	ly̌
2342	暮	遇開一去模明	muH	mǔ
2343	渡	遇開一去模定	duH	dǔ
2344	路	遇開一去模來	luH	lǔ
2345	妒	遇開一去模端	tuH	tǔ
2346	菟	遇開一去模透	thuH	thǔ
2347	顧	遇開一去模見	kuH	kǔ
2348	誤	遇開一去模疑	nguH	ŋǔ
2349	護	遇開一去模匣	huH	ɦǔ
2350	訴	遇開一去模心	suH	sǔ
2351	祚	遇開一去模從	dzuH	dzǔ
2352	笯	遇開一去模泥	nuH	nǔ
2353	布	遇開一去模幫	puH	pǔ
2354	汙	遇開一去模影	'uH	ʔǔ
2355	怖	遇開一去模滂	phuH	phǔ
2356	厝	遇開一去模清	tshuH	tshǔ
2357	絝	遇開一去模溪	khuH	khǔ
2358	捕	遇開一去模並	buH	bǔ
2359	謼	遇開一去模曉	xuH	hǔ
2360	作	遇開一去模精	tsuH	tsǔ
2361	霽	蟹開四去齊精	tsejH	tsiɪ̌i
2362	帝	蟹開四去齊端	tejH	tiɪ̌i
2363	嚌	蟹開四去齊從	dzejH	dziɪ̌i
2364	替	蟹開四去齊透	thejH	thiɪ̌i
2365	第	蟹開四去齊定	dejH	diɪ̌i
2366	砌	蟹開四去齊清	tshejH	tshiɪ̌i
2367	細	蟹開四去齊心	sejH	siɪ̌i
2368	詣	蟹開四去齊疑	ngejH	ŋjiɪ̌i
2369	計	蟹開四去齊見	kejH	kiɪ̌i
2370	蒵	蟹開四去齊匣	hejH	ɦiɪ̌i
2371	契	蟹開四去齊溪	khejH	khiɪ̌i
2372	翳	蟹開四去齊影	'ejH	ʔiɪ̌i
2373	謎	蟹開四去齊明	mejH	miɪ̌i
2374	閉	蟹開四去齊幫	pejH	piɪ̌i
2375	慧	蟹合四去齊匣	hwejH	ɦǔi
2376	桂	蟹合四去齊見	kwejH	kǔi
2377	嘒	蟹合四去齊曉	xwejH	hǔi
2378	媲	蟹開四去齊滂	phejH	phiɪ̌i
2379	薜	蟹開四去齊並	bejH	biɪ̌i
2380	麗	蟹開四去齊來	lejH	liɪ̌i
2381	𥱻	蟹開四去齊徹	trhejH	tʃhiɪ̌i
2382	泥	蟹開四去齊泥	nejH	niɪ̌i
2383	㰥	蟹開四去齊曉	xejH	hiɪ̌i
2384	祭	蟹開三去祭精	tsjejH	tsiɪ̌i
2385	歲	蟹合三去祭心	sjwejH	sǔi
2386	衞	蟹合三去祭云	hjwejH	ǔi
2387	芮	蟹合三去祭日	nywejH	ʒǔi
2388	贅	蟹合三去祭章	tsywejH	ʈʂǔi
2389	𠻜	蟹合三去祭生	srjwejH	ʂwǎi
2390	毳	蟹合三去祭清	tshjwejH	tshǔi
2391	銳	蟹合三去祭以	ywejH	ǔi
2392	綴	蟹合三去祭知	trjwejH	ʈʂǔi
2393	稅	蟹合三去祭書	sywejH	ʂǔi
2394	𡚁	蟹開三去祭並A	bjiejH	biɪ̌i
2395	㯔	蟹合三去祭初	tsrhjwejH	ʈʂhwǎi
2396	篲	蟹合三去祭邪	zjwejH	szǔi
2397	蔽	蟹開三去祭幫A	pjiejH	piɪ̌i
2398	劌	蟹合三去祭見B	kjwejH	kǔi
2399	袂	蟹開三去祭明A	mjiejH	miɪ̌i
2400	㡜	蟹開三去祭生	srjejH	ʂiɪ̌i
2401	掣	蟹開三去祭昌	tsyhejH	tʃhiɪ̌i
2402	制	蟹開三去祭章	tsyejH	tʃiɪ̌i
2403	逝	蟹開三去祭常	dzyejH	ʃʒiɪ̌i
2404	曵	蟹開三去祭以	yejH	jiɪ̌i
2405	䋵	蟹開三去祭影B	'jejH	ʔiɪ̌i
2406	藝	蟹開三去祭疑A	ngjiejH	ŋjiɪ̌i
2407	滯	蟹開三去祭澄	drjejH	dʒiɪ̌i
2408	例	蟹開三去祭來	ljejH	liɪ̌i
2409	憩	蟹開三去祭溪B	khjejH	khiɪ̌i
2410	丗	蟹開三去祭書	syejH	ʃiɪ̌i
2411	猘	蟹開三去祭見B	kjejH	kiɪ̌i
2412	㿃	蟹開三去祭知	trjejH	tʃiɪ̌i
2413	偈	蟹開三去祭羣B	gjejH	giɪ̌i
2414	啜	蟹合三去祭常	dzywejH	ʂʐǔi
2415	跇	蟹開三去祭徹	trhjejH	tʃhiɪ̌i
2416	𨮱	蟹合三去祭澄	drjwejH	ɖʐǔi
2417	㓷	蟹開三去祭疑B	ngjejH	ŋjiɪ̌i
2418	蕝	蟹合三去祭精	tsjwejH	tsǔi
2419	潎	蟹開三去祭滂A	phjiejH	phiɪ̌i
2420	𥏙	蟹合三去廢溪	khjwojH	khǔi
2421	䂕	蟹合三去廢曉	xjwojH	hǔi
2422	泰	蟹開一去泰透	thajH	thǎi
2423	蓋	蟹開一去泰見	kajH	kǎi
2424	艾	蟹開一去泰疑	ngajH	ŋǎi
2425	藹	蟹開一去泰影	'ajH	ʔǎi
2426	柰	蟹開一去泰泥	najH	nǎi
2427	大	蟹開一去泰定	dajH	dǎi
2428	害	蟹開一去泰匣	hajH	ɦǎi
2429	帶	蟹開一去泰端	tajH	tǎi
2430	貝	蟹開一去泰幫	pajH	pǔi
2431	霈	蟹開一去泰滂	phajH	phǔi
2432	會	蟹合一去泰匣	hwajH	ɦǔi
2433	兊	蟹合一去泰定	dwajH	dǔi
2434	儈	蟹合一去泰見	kwajH	kǔi
2435	最	蟹合一去泰精	tswajH	tsǔi
2436	𧬨	蟹合一去泰曉	xwajH	hǔi
2437	𥢶	蟹合一去泰溪	khwajH	khǔi
2438	酹	蟹合一去泰來	lwajH	lǔi
2439	外	蟹合一去泰疑	ngwajH	ŋwǎi
2440	祋	蟹合一去泰端	twajH	tǔi
2441	懀	蟹合一去泰影	'wajH	ʔǔi
2442	蕞	蟹合一去泰從	dzwajH	dzǔi
2443	𥕸	蟹合一去泰心	swajH	sǔi
2444	襊	蟹合一去泰清	tshwajH	tshǔi
2445	旆	蟹開一去泰並	bajH	bǔi
2446	磕	蟹開一去泰溪	khajH	khǎi
2447	蔡	蟹開一去泰清	tshajH	tshǎi
2448	賴	蟹開一去泰來	lajH	lǎi
2449	餀	蟹開一去泰曉	xajH	hǎi
2450	娧	蟹合一去泰透	thwajH	thǔi
2451	眛	蟹開一去泰明	majH	mǔi
2452	𦦣	蟹合一去泰清	tshwajH	tshǔi
2453	卦	蟹合二去佳見	kweaH	kwǎ
2454	懈	蟹開二去佳見	keaH	kiǎi
2455	隘	蟹開二去佳影	'eaH	ʔiǎi
2456	邂	蟹開二去佳匣	heaH	ɦiǎi
2457	賣	蟹開二去佳明	meaH	mǎi
2458	畫	蟹合二去佳匣	hweaH	ɦwǎ
2459	差	蟹開二去佳初	tsrheaH	ʈʂhǎi
2460	睚	蟹開二去佳疑	ngeaH	ŋjiǎi
2461	謑	蟹開二去佳曉	xeaH	hiǎi
2462	庍	蟹開二去佳幫	peaH	pǎi
2463	粺	蟹開二去佳並	beaH	bǎi
2464	㾹	蟹開二去佳崇	dzreaH	ɖʐǎi
2465	派	蟹開二去佳滂	pheaH	phǎi
2466	債	蟹開二去佳莊	tsreaH	ʈʂǎi
2467	𡢖	蟹開二去佳溪	kheaH	khiǎi
2468	曬	蟹開二去佳生	sreaH	ʂǎi
2469	諣	蟹合二去佳曉	xweaH	hwǎ
2470	㠔	蟹開二去佳幫	peaH	pǎi
2471	膪	蟹合二去佳知	trweaH	ʈʂwǎ
2472	怪	蟹合二去皆見	kweajH	kwǎi
2473	噫	蟹開二去皆影	'eajH	ʔiǎi
2474	瘵	蟹開二去皆莊	tsreajH	ʈʂǎi
2475	誡	蟹開二去皆見	keajH	kiǎi
2476	褹	蟹開二去皆孃	nreajH	nǎi
2477	譮	蟹開二去皆曉	xeajH	hiǎi
2478	械	蟹開二去皆匣	heajH	ɦiǎi
2479	𦗐	蟹開二去皆疑	ngeajH	ŋjiǎi
2480	蒯	蟹合二去皆溪	khweajH	khwǎi
2481	𢷎	蟹開二去皆幫	peajH	pǎi
2482	湃	蟹開二去皆滂	pheajH	phǎi
2483	壞	蟹合二去皆匣	hweajH	ɦwǎi
2484	聵	蟹合二去皆疑	ngweajH	ŋwǎi
2485	𢟡	蟹開二去皆並	beajH	bǎi
2486	䀛	蟹開二去皆明	meajH	mǎi
2487	𧱳	蟹合二去皆曉	xweajH	hwǎi
2488	鎩	蟹開二去皆生	sreajH	ʂǎi
2489	烗	蟹開二去皆溪	kheajH	khiǎi
2490	顡	蟹合二去皆徹	trhweajH	ʈʂhwǎi
2491	夬	蟹合二去夬見	kwaejH	kwǎi
2492	快	蟹合二去夬溪	khwaejH	khwǎi
2493	邁	蟹開二去夬明	maejH	mǎi
2494	話	蟹合二去夬匣	hwaejH	ɦwǎi
2495	敗	蟹開二去夬並	baejH	bǎi
2496	䵳	蟹合二去夬影	'waejH	ʔwǎi
2497	嘬	蟹合二去夬初	tsrhwaejH	ʈʂhwǎi
2498	犗	蟹開二去夬見	kaejH	kiǎi
2499	蠆	蟹開二去夬徹	trhaejH	ʈʂhǎi
2500	喝	蟹開二去夬影	'aejH	ʔiǎi
2501	𠱡	蟹開二去夬生	sraejH	ʂǎi
2502	𦤧	蟹開二去夬澄	draejH	ɖʐǎi
2503	䜕	蟹開二去夬曉	xaejH	hiǎi
2504	咶	蟹合二去夬曉	xwaejH	hwǎi
2505	敗	蟹開二去夬幫	paejH	pǎi
2506	啐	蟹合二去夬清	tshwaejH	tshwǎi
2507	寨	蟹開二去夬崇	dzraejH	ɖʐǎi
2508	㕢	蟹開二去夬匣	haejH	ɦiǎi
2509	隊	蟹合一去灰定	dwojH	dǔi
2510	佩	蟹合一去灰並	bwojH	bǔi
2511	妹	蟹合一去灰明	mwojH	mǔi
2512	配	蟹合一去灰滂	phwojH	phǔi
2513	誨	蟹合一去灰曉	xwojH	hǔi
2514	對	蟹合一去灰端	twojH	tǔi
2515	倅	蟹合一去灰清	tshwojH	tshǔi
2516	晬	蟹合一去灰精	tswojH	tsǔi
2517	𩲄	蟹合一去灰影	'wojH	ʔǔi
2518	退	蟹合一去灰透	thwojH	thǔi
2519	憒	蟹合一去灰見	kwojH	kǔi
2520	潰	蟹合一去灰匣	hwojH	ɦǔi
2521	塊	蟹合一去灰溪	khwojH	khǔi
2522	碎	蟹合一去灰心	swojH	sǔi
2523	内	蟹合一去灰泥	nwojH	nǔi
2524	纇	蟹合一去灰來	lwojH	lǔi
2525	背	蟹合一去灰幫	pwojH	pǔi
2526	磑	蟹合一去灰疑	ngwojH	ŋǔi
2527	蚚	蟹合一去灰匣	hwojH	ɦǔi
2528	代	蟹開一去咍定	dojH	dǎi
2529	載	蟹開一去咍精	tsojH	tsǎi
2530	䆀	蟹開一去咍明	mojH	mǎi
2531	賽	蟹開一去咍心	sojH	sǎi
2532	貸	蟹開一去咍透	thojH	thǎi
2533	漑	蟹開一去咍見	kojH	kǎi
2534	慨	蟹開一去咍溪	khojH	khǎi
2535	礙	蟹開一去咍疑	ngojH	ŋǎi
2536	愛	蟹開一去咍影	'ojH	ʔǎi
2537	瀣	蟹開一去咍匣	hojH	ɦǎi
2538	耐	蟹開一去咍泥	nojH	nǎi
2539	戴	蟹開一去咍端	tojH	tǎi
2540	賚	蟹開一去咍來	lojH	lǎi
2541	菜	蟹開一去咍清	tshojH	tshǎi
2542	載	蟹開一去咍從	dzojH	dzǎi
2543	儗	蟹開一去咍曉	xojH	hǎi
2544	廢	蟹合三去廢幫	pjojH	fěi
2545	肺	蟹合三去廢滂	phjojH	fěi
2546	穢	蟹合三去廢影	'jwojH	ʔǔi
2547	吠	蟹合三去廢並	bjojH	fvěi
2548	喙	蟹合三去廢曉	xjwojH	hǔi
2549	𤜂	蟹合三去廢羣	gjwojH	gǔi
2550	刈	蟹開三去廢疑	ngjojH	ŋjiɪ̌i
2551	震	臻開三去眞章	tsyinH	tʃǐn
2552	信	臻開三去眞心	sinH	sǐn
2553	刃	臻開三去眞日	nyinH	ʒǐn
2554	𦙍	臻開三去眞以	yinH	jǐn
2555	遴	臻開三去眞來	linH	lǐn
2556	儐	臻開三去眞幫A	pjinH	pǐn
2557	敶	臻開三去眞澄	drinH	dʒǐn
2558	愼	臻開三去眞常	dzyinH	ʃʒǐn
2559	眒	臻開三去眞書	syinH	ʃǐn
2560	菣	臻開三去眞溪B	khinH	khǐn
2561	賮	臻開三去眞邪	zinH	szǐn
2562	憗	臻開三去眞疑B	nginH	ŋjǐn
2563	晉	臻開三去眞精	tsinH	tsǐn
2564	衅	臻開三去眞曉B	xinH	hǐn
2565	鎭	臻開三去眞知	trinH	tʃǐn
2566	僅	臻開三去眞羣B	ginH	gǐn
2567	櫬	臻開三去臻初	tsrhinH	ʈʂhə̌n
2568	印	臻開三去眞影A	'jinH	ʔǐn
2569	疢	臻開三去眞徹	trhinH	tʃhǐn
2570	𣎵	臻開三去眞滂A	phjinH	phǐn
2571	親	臻開三去眞清	tshinH	tshǐn
2572	螼	臻開三去眞溪A	khjinH	khǐn
2573	呁	臻合三去諄見	kjwinH	kyǔn
2574	稕	臻合三去諄章	tsywinH	tʃyǔn
2575	𡺲	臻合三去諄心	swinH	syǔn
2576	殉	臻合三去諄邪	zwinH	szyǔn
2577	儁	臻合三去諄精	tswinH	tsyǔn
2578	舜	臻合三去諄書	sywinH	ʃyǔn
2579	閠	臻合三去諄日	nywinH	ʒyǔn
2580	順	臻合三去諄船	zywinH	ʃʒyǔn
2581	問	臻合三去文明	mjunH	vǔn
2582	運	臻合三去文云	hjunH	jyǔn
2583	訓	臻合三去文曉	xjunH	hyǔn
2584	湓	臻合三去文滂	phjunH	fǔn
2585	糞	臻合三去文幫	pjunH	fǔn
2586	醖	臻合三去文影	'junH	ʔyǔn
2587	攈	臻合三去文見	kjunH	kyǔn
2588	郡	臻合三去文羣	gjunH	gyǔn
2589	分	臻合三去文並	bjunH	fvǔn
2590	焮	臻開三去欣曉	xj+nH	hǐn
2591	靳	臻開三去欣見	kj+nH	kǐn
2592	近	臻開三去欣羣	gj+nH	gǐn
2593	㒚	臻開三去欣影	'j+nH	ʔǐn
2594	垽	臻開三去欣疑	ngj+nH	ŋjǐn
2595	願	臻合三去元疑	ngjwonH	ŋjyuɛ̌n
2596	怨	臻合三去元影	'jwonH	ʔyuɛ̌n
2597	販	臻合三去元幫	pjonH	fǎn
2598	劵	臻合三去元溪	khjwonH	khyuɛ̌n
2599	万	臻合三去元明	mjonH	vǎn
2600	飯	臻合三去元並	bjonH	fvǎn
2601	嬔	臻合三去元滂	phjonH	fǎn
2602	建	臻開三去元見	kjonH	kiɛ̌n
2603	堰	臻開三去元影	'jonH	ʔiɛ̌n
2604	獻	臻開三去元曉	xjonH	hiɛ̌n
2605	楥	臻合三去元曉	xjwonH	hyuɛ̌n
2606	健	臻開三去元羣	gjonH	giɛ̌n
2607	𣀔	臻合三去元滂	phjonH	fǎn
2608	遠	臻合三去元云	hjwonH	jyuɛ̌n
2609	𤬝	臻開三去元疑	ngjonH	ŋjiɛ̌n
2610	圈	臻合三去元羣	gjwonH	gyuɛ̌n
2611	㪻	臻合三去元見	kjwonH	kyuɛ̌n
2612	慁	臻合一去魂匣	hwonH	ɦǔn
2613	頓	臻合一去魂端	twonH	tǔn
2614	巽	臻合一去魂心	swonH	sǔn
2615	困	臻合一去魂溪	khwonH	khǔn
2616	嫩	臻合一去魂泥	nwonH	nǔn
2617	揾	臻合一去魂影	'wonH	ʔǔn
2618	悶	臻合一去魂明	mwonH	mǔn
2619	鐏	臻合一去魂從	dzwonH	dzǔn
2620	睔	臻合一去魂見	kwonH	kǔn
2621	噴	臻合一去魂滂	phwonH	phǔn
2622	鈍	臻合一去魂定	dwonH	dǔn
2623	寸	臻合一去魂清	tshwonH	tshǔn
2624	坌	臻合一去魂並	bwonH	bǔn
2625	顐	臻合一去魂疑	ngwonH	ŋǔn
2626	論	臻合一去魂來	lwonH	lǔn
2627	奔	臻合一去魂幫	pwonH	pǔn
2628	惛	臻合一去魂曉	xwonH	hǔn
2629	焌	臻合一去魂精	tswonH	tsǔn
2630	恨	臻開一去痕匣	honH	ɦə̌n
2631	艮	臻開一去痕見	konH	kə̌n
2632	䭓	臻開一去痕疑	ngonH	ŋə̌n
2633	䭡	臻開一去痕影	'onH	ʔə̌n
2634	翰	山開一去寒匣	hanH	ɦɑ̌n
2635	炭	山開一去寒透	thanH	thǎn
2636	按	山開一去寒影	'anH	ʔɑ̌n
2637	旦	山開一去寒端	tanH	tǎn
2638	憚	山開一去寒定	danH	dǎn
2639	旰	山開一去寒見	kanH	kɑ̌n
2640	岸	山開一去寒疑	nganH	ŋɑ̌n
2641	侃	山開一去寒溪	khanH	khɑ̌n
2642	漢	山開一去寒曉	xanH	hɑ̌n
2643	爛	山開一去寒來	lanH	lǎn
2644	攤	山開一去寒泥	nanH	nǎn
2645	粲	山開一去寒清	tshanH	tshǎn
2646	𦇕	山開一去寒心	sanH	sǎn
2647	賛	山開一去寒精	tsanH	tsǎn
2648	㜺	山開一去寒從	dzanH	dzǎn
2649	換	山合一去桓匣	hwanH	ɦwɔ̌n
2650	䂎	山合一去桓精	tswanH	tswɔ̌n
2651	惋	山合一去桓影	'wanH	ʔwɔ̌n
2652	貫	山合一去桓見	kwanH	kwɔ̌n
2653	竄	山合一去桓清	tshwanH	tshwɔ̌n
2654	玩	山合一去桓疑	ngwanH	ŋwɔ̌n
2655	段	山合一去桓定	dwanH	dwɔ̌n
2656	亂	山合一去桓來	lwanH	lwɔ̌n
2657	鍛	山合一去桓端	twanH	twɔ̌n
2658	彖	山合一去桓透	thwanH	thwɔ̌n
2659	喚	山合一去桓曉	xwanH	hwɔ̌n
2660	筭	山合一去桓心	swanH	swɔ̌n
2661	縵	山合一去桓明	manH	mwɔ̌n
2662	半	山合一去桓幫	panH	pwɔ̌n
2663	判	山合一去桓滂	phanH	phwɔ̌n
2664	叛	山合一去桓並	banH	bwɔ̌n
2665	偄	山合一去桓泥	nwanH	nwɔ̌n
2666	攅	山合一去桓從	dzwanH	dzwɔ̌n
2667	䥗	山合一去桓溪	khwanH	khwɔ̌n
2668	諫	山開二去刪見	kaenH	kiǎn
2669	鴈	山開二去刪疑	ngaenH	ŋjiǎn
2670	晏	山開二去刪影	'aenH	ʔiǎn
2671	訕	山開二去刪生	sraenH	ʂǎn
2672	骭	山開二去刪匣	haenH	ɦiǎn
2673	慢	山開二去刪明	maenH	mǎn
2674	綰	山合二去刪影	'waenH	ʔwǎn
2675	患	山合二去刪匣	hwaenH	ɦwǎn
2676	慣	山合二去刪見	kwaenH	kwǎn
2677	㝈	山合二去刪生	srwaenH	ʂwǎn
2678	篡	山合二去刪初	tsrhwaenH	ʈʂhwǎn
2679	薍	山合二去刪疑	ngwaenH	ŋwǎn
2680	輚	山開二去刪崇	dzraenH	ɖʐǎn
2681	襻	山開二去刪滂	phaenH	phǎn
2682	奻	山合二去刪孃	nrwaenH	nwǎn
2683	羼	山開二去刪初	tsrhaenH	ʈʂhǎn
2684	㬄	山開二去刪徹	trhaenH	ʈʂhǎn
2685	襇	山開二去山見	keanH	kiǎn
2686	莧	山開二去山匣	heanH	ɦiǎn
2687	瓣	山開二去山並	beanH	bǎn
2688	盼	山開二去山滂	pheanH	phǎn
2689	幻	山合二去山匣	hweanH	ɦwǎn
2690	蔄	山開二去山明	meanH	mǎn
2691	袒	山開二去山澄	dreanH	ɖʐǎn
2692	扮	山開二去山幫	peanH	pǎn
2693	鰥	山合二去山見	kweanH	kwǎn
2694	霰	山開四去先心	senH	siɛ̌n
2695	蒨	山開四去先清	tshenH	tshiɛ̌n
2696	絢	山合四去先曉	xwenH	hyuɛ̌n
2697	縣	山合四去先匣	hwenH	ɦyuɛ̌n
2698	睊	山合四去先見	kwenH	kyuɛ̌n
2699	電	山開四去先定	denH	diɛ̌n
2700	瑱	山開四去先透	thenH	thiɛ̌n
2701	練	山開四去先來	lenH	liɛ̌n
2702	見	山開四去先見	kenH	kiɛ̌n
2703	晛	山開四去先泥	nenH	niɛ̌n
2704	俔	山開四去先溪	khenH	khiɛ̌n
2705	見	山開四去先匣	henH	ɦiɛ̌n
2706	硯	山開四去先疑	ngenH	ŋjiɛ̌n
2707	宴	山開四去先影	'enH	ʔiɛ̌n
2708	薦	山開四去先精	tsenH	tsiɛ̌n
2709	麫	山開四去先明	menH	miɛ̌n
2710	片	山開四去先滂	phenH	phiɛ̌n
2711	荐	山開四去先從	dzenH	dziɛ̌n
2712	䬼	山合四去先影	'wenH	ʔyuɛ̌n
2713	殿	山開四去先端	tenH	tiɛ̌n
2714	𩎌	山開四去先曉	xenH	hiɛ̌n
2715	線	山開三去仙心	sjenH	siɛ̌n
2716	戰	山開三去仙章	tsyenH	tʃiɛ̌n
2717	繕	山開三去仙常	dzyenH	ʃʒiɛ̌n
2718	彥	山開三去仙疑B	ngjenH	ŋjiɛ̌n
2719	譴	山開三去仙溪A	khjienH	khiɛ̌n
2720	絹	山合三去仙見A	kjwienH	kyuɛ̌n
2721	瑗	山合三去仙云	hjwenH	jyuɛ̌n
2722	面	山開三去仙明A	mjienH	miɛ̌n
2723	釧	山合三去仙昌	tsyhwenH	tʃhyuɛ̌n
2724	掾	山合三去仙以	ywenH	jyuɛ̌n
2725	𩥇	山開三去仙知	trjenH	tʃiɛ̌n
2726	𤲬	山合三去仙日	nywenH	ʒyuɛ̌n
2727	箭	山開三去仙精	tsjenH	tsiɛ̌n
2728	硟	山開三去仙昌	tsyhenH	tʃhiɛ̌n
2729	扇	山開三去仙書	syenH	ʃiɛ̌n
2730	躽	山開三去仙影A	'jienH	ʔiɛ̌n
2731	眷	山合三去仙見B	kjwenH	kyuɛ̌n
2732	倦	山合三去仙羣B	gjwenH	gyuɛ̌n
2733	戀	山合三去仙來	ljwenH	lyuɛ̌n
2734	猭	山合三去仙徹	trhjwenH	tʃhyuɛ̌n
2735	變	山開三去仙幫B	pjenH	piɛ̌n
2736	𨏉	山合三去仙生	srjwenH	ʂwǎn
2737	縓	山合三去仙清	tshjwenH	tshyuɛ̌n
2738	卞	山開三去仙並B	bjenH	biɛ̌n
2739	㳬	山合三去仙邪	zjwenH	szyuɛ̌n
2740	選	山合三去仙心	sjwenH	syuɛ̌n
2741	籑	山合三去仙崇	dzrjwenH	ɖʐwǎn
2742	孨	山合三去仙莊	tsrjwenH	ʈʂwǎn
2743	傳	山合三去仙澄	drjwenH	dʒyuɛ̌n
2744	賤	山開三去仙從	dzjenH	dziɛ̌n
2745	羨	山開三去仙邪	zjenH	sziɛ̌n
2746	騗	山開三去仙滂A	phjienH	phiɛ̌n
2747	𢮨	山合三去仙常	dzywenH	ʃʒyuɛ̌n
2748	輾	山開三去仙孃	nrjenH	niɛ̌n
2749	囀	山合三去仙知	trjwenH	tʃyuɛ̌n
2750	衍	山開三去仙以	yenH	jiɛ̌n
2751	便	山開三去仙並A	bjienH	biɛ̌n
2752	邅	山開三去仙澄	drjenH	dʒiɛ̌n
2753	𤹨	山開三去仙來	ljenH	liɛ̌n
2754	𥛁	山合三去仙溪B	khjwenH	khyuɛ̌n
2755	剸	山合三去仙章	tsywenH	tʃyuɛ̌n
2756	徧	山開四去先幫	penH	piɛ̌n
2757	嘯	效開四去蕭心	sewH	siɛ̌w
2758	糶	效開四去蕭透	thewH	thiɛ̌w
2759	弔	效開四去蕭端	tewH	tiɛ̌w
2760	叫	效開四去蕭見	kewH	kiɛ̌w
2761	尿	效開四去蕭泥	newH	niɛ̌w
2762	藋	效開四去蕭定	dewH	diɛ̌w
2763	竅	效開四去蕭溪	khewH	khiɛ̌w
2764	𩕐	效開四去蕭來	lewH	liɛ̌w
2765	顤	效開四去蕭疑	ngewH	ŋjiɛ̌w
2766	窔	效開四去蕭影	'ewH	ʔiɛ̌w
2767	𢿿	效開四去蕭曉	xewH	hiɛ̌w
2768	𥬇	效開三去宵心	sjewH	siɛ̌w
2769	照	效開三去宵章	tsyewH	tʃiɛ̌w
2770	燿	效開三去宵以	yewH	jiɛ̌w
2771	要	效開三去宵影A	'jiewH	ʔiɛ̌w
2772	召	效開三去宵澄	drjewH	dʒiɛ̌w
2773	邵	效開三去宵常	dzyewH	ʃʒiɛ̌w
2774	嶠	效開三去宵羣B	gjewH	giɛ̌w
2775	剽	效開三去宵滂A	phjiewH	phiɛ̌w
2776	噍	效開三去宵從	dzjewH	dziɛ̌w
2777	妙	效開三去宵明A	mjiewH	miɛ̌w
2778	陗	效開三去宵清	tshjewH	tshiɛ̌w
2779	𤊽	效開三去宵來	ljewH	liɛ̌w
2780	趬	效開三去宵溪B	khjewH	khiɛ̌w
2781	𧇠	效開三去宵疑B	ngjewH	ŋjiɛ̌w
2782	醮	效開三去宵精	tsjewH	tsiɛ̌w
2783	廟	效開三去宵明B	mjewH	miɛ̌w
2784	驃	效開三去宵並A	bjiewH	biɛ̌w
2785	少	效開三去宵書	syewH	ʃiɛ̌w
2786	朓	效開三去宵徹	trhjewH	tʃhiɛ̌w
2787	裱	效開三去宵幫B	pjewH	piɛ̌w
2788	翹	效開三去宵羣A	gjiewH	giɛ̌w
2789	饒	效開三去宵日	nyewH	ʒiɛ̌w
2790	效	效開二去肴匣	haewH	ɦiǎw
2791	敎	效開二去肴見	kaewH	kiǎw
2792	孝	效開二去肴曉	xaewH	hiǎw
2793	罩	效開二去肴知	traewH	ʈʂǎw
2794	豹	效開二去肴幫	paewH	pǎw
2795	敲	效開二去肴溪	khaewH	khiǎw
2796	皃	效開二去肴明	maewH	mǎw
2797	奅	效開二去肴滂	phaewH	phǎw
2798	趠	效開二去肴徹	trhaewH	ʈʂhǎw
2799	稍	效開二去肴生	sraewH	ʂǎw
2800	棹	效開二去肴澄	draewH	ɖʐǎw
2801	橈	效開二去肴孃	nraewH	nǎw
2802	抓	效開二去肴莊	tsraewH	ʈʂǎw
2803	靤	效開二去肴並	baewH	bǎw
2804	抄	效開二去肴初	tsrhaewH	ʈʂhǎw
2805	靿	效開二去肴影	'aewH	ʔiǎw
2806	樂	效開二去肴疑	ngaewH	ŋjiǎw
2807	巢	效開二去肴崇	dzraewH	ɖʐǎw
2808	号	效開一去豪匣	hawH	ɦǎw
2809	導	效開一去豪定	dawH	dǎw
2810	到	效開一去豪端	tawH	tǎw
2811	誥	效開一去豪見	kawH	kǎw
2812	傲	效開一去豪疑	ngawH	ŋǎw
2813	冃	效開一去豪明	mawH	mǎw
2814	嫪	效開一去豪來	lawH	lǎw
2815	操	效開一去豪清	tshawH	tshǎw
2816	暴	效開一去豪並	bawH	bǎw
2817	報	效開一去豪幫	pawH	pǎw
2818	漕	效開一去豪從	dzawH	dzǎw
2819	奥	效開一去豪影	'awH	ʔǎw
2820	喿	效開一去豪心	sawH	sǎw
2821	𩝝	效開一去豪溪	khawH	khǎw
2822	竈	效開一去豪精	tsawH	tsǎw
2823	秏	效開一去豪曉	xawH	hǎw
2824	腝	效開一去豪泥	nawH	nǎw
2825	箇	果開一去歌見	kaH	kɔ̌
2826	賀	果開一去歌匣	haH	ɦɔ̌
2827	佐	果開一去歌精	tsaH	tsɔ̌
2828	跢	果開一去歌端	taH	tɔ̌
2829	邏	果開一去歌來	laH	lɔ̌
2830	坷	果開一去歌溪	khaH	khɔ̌
2831	餓	果開一去歌疑	ngaH	ŋɔ̌
2832	䭾	果開一去歌定	daH	dɔ̌
2833	奈	果開一去歌泥	naH	nɔ̌
2834	些	果開一去歌心	saH	sɔ̌
2835	呵	果開一去歌曉	xaH	hɔ̌
2836	拖	果開一去歌透	thaH	thɔ̌
2837	過	果合一去戈見	kwaH	kwɔ̌
2838	和	果合一去戈匣	hwaH	ɦwɔ̌
2839	挫	果合一去戈精	tswaH	tswɔ̌
2840	課	果合一去戈溪	khwaH	khwɔ̌
2841	唾	果合一去戈透	thwaH	thwɔ̌
2842	播	果合一去戈幫	paH	pwɔ̌
2843	剉	果合一去戈清	tshwaH	tshwɔ̌
2844	磨	果合一去戈明	maH	mwɔ̌
2845	愞	果合一去戈泥	nwaH	nwɔ̌
2846	破	果合一去戈滂	phaH	phwɔ̌
2847	座	果合一去戈從	dzwaH	dzwɔ̌
2848	臥	果合一去戈疑	ngwaH	ŋwɔ̌
2849	諎	果合一去戈清	tshwaH	tshwɔ̌
2850	貨	果合一去戈曉	xwaH	hwɔ̌
2851	惰	果合一去戈定	dwaH	dwɔ̌
2852	縛	果合一去戈並	baH	bwɔ̌
2853	䇔	果合一去戈來	lwaH	lwɔ̌
2854	桗	果合一去戈端	twaH	twɔ̌
2855	磋	果合一去戈清	tshwaH	tshwɔ̌
2856	䐝	果合一去戈心	swaH	swɔ̌
2857	侉	果開一去歌影	'aH	ʔɔ̌
2858	涴	果合一去戈影	'waH	ʔwɔ̌
2859	禡	假開二去麻明	maeH	mǎ
2860	駕	假開二去麻見	kaeH	kiǎ
2861	亞	假開二去麻影	'aeH	ʔiǎ
2862	嚇	假開二去麻曉	xaeH	hiǎ
2863	迓	假開二去麻疑	ngaeH	ŋjiǎ
2864	詫	假開二去麻徹	trhaeH	ʈʂhǎ
2865	吒	假開二去麻知	traeH	ʈʂǎ
2866	詐	假開二去麻莊	tsraeH	ʈʂǎ
2867	乍	假開二去麻崇	dzraeH	ɖʐǎ
2868	謝	假開三去麻邪	zjaeH	sziɛ̌
2869	髂	假開二去麻溪	khaeH	khiǎ
2870	暇	假開二去麻匣	haeH	ɦiǎ
2871	褯	假開三去麻從	dzjaeH	dziɛ̌
2872	夜	假開三去麻以	yaeH	jiɛ̌
2873	䞣	假開三去麻昌	tsyhaeH	tʃhiɛ̌
2874	蝑	假開三去麻心	sjaeH	siɛ̌
2875	柘	假開三去麻章	tsyaeH	tʃiɛ̌
2876	唶	假開三去麻精	tsjaeH	tsiɛ̌
2877	舎	假開三去麻書	syaeH	ʃiɛ̌
2878	射	假開三去麻船	zyaeH	ʃʒiɛ̌
2879	霸	假開二去麻幫	paeH	pǎ
2880	帊	假開二去麻滂	phaeH	phǎ
2881	摦	假合二去麻匣	hwaeH	ɦwǎ
2882	化	假合二去麻曉	xwaeH	hwǎ
2883	跨	假合二去麻溪	khwaeH	khwǎ
2884	誜	假合二去麻生	srwaeH	ʂwǎ
2885	𤝡	假開二去麻並	baeH	bǎ
2886	䏧	假開二去麻泥	naeH	nǎ
2887	笡	假開三去麻清	tshjaeH	tshiɛ̌
2888	嗄	假開二去麻生	sraeH	ʂǎ
2889	坬	假合二去麻見	kwaeH	kwǎ
2890	䖳	假開二去麻澄	draeH	ɖʐǎ
2891	瓦	假合二去麻疑	ngwaeH	ŋwǎ
2892	攨	假合二去麻影	'waeH	ʔwǎ
2893	漾	宕開三去陽以	yangH	jiɑ̌ŋ
2894	亮	宕開三去陽來	ljangH	liɑ̌ŋ
2895	狀	宕開三去陽崇	dzrjangH	ɖʐwɑ̌ŋ
2896	讓	宕開三去陽日	nyangH	ʒiɑ̌ŋ
2897	餉	宕開三去陽書	syangH	ʃiɑ̌ŋ
2898	帳	宕開三去陽知	trjangH	tʃiɑ̌ŋ
2899	悵	宕開三去陽徹	trhjangH	tʃhiɑ̌ŋ
2900	向	宕開三去陽曉	xjangH	hiɑ̌ŋ
2901	仗	宕開三去陽澄	drjangH	dʒiɑ̌ŋ
2902	釀	宕開三去陽孃	nrjangH	niɑ̌ŋ
2903	匠	宕開三去陽從	dzjangH	dziɑ̌ŋ
2904	障	宕開三去陽章	tsyangH	tʃiɑ̌ŋ
2905	尚	宕開三去陽常	dzyangH	ʃʒiɑ̌ŋ
2906	壯	宕開三去陽莊	tsrjangH	ʈʂwɑ̌ŋ
2907	怏	宕開三去陽影	'jangH	ʔiɑ̌ŋ
2908	弶	宕開三去陽羣	gjangH	giɑ̌ŋ
2909	唱	宕開三去陽昌	tsyhangH	tʃhiɑ̌ŋ
2910	𠛝	宕開三去陽初	tsrhjangH	ʈʂhwɑ̌ŋ
2911	醬	宕開三去陽精	tsjangH	tsiɑ̌ŋ
2912	𨋕	宕開三去陽疑	ngjangH	ŋjiɑ̌ŋ
2913	訪	宕合三去陽滂	phjangH	fɑ̌ŋ
2914	妄	宕合三去陽明	mjangH	vɑ̌ŋ
2915	況	宕合三去陽曉	xjwangH	hwɑ̌ŋ
2916	誑	宕合三去陽見	kjwangH	kwɑ̌ŋ
2917	迋	宕合三去陽云	hjwangH	wɑ̌ŋ
2918	放	宕合三去陽幫	pjangH	fɑ̌ŋ
2919	相	宕開三去陽心	sjangH	siɑ̌ŋ
2920	彊	宕開三去陽見	kjangH	kiɑ̌ŋ
2921	唴	宕開三去陽溪	khjangH	khiɑ̌ŋ
2922	蹡	宕開三去陽清	tshjangH	tshiɑ̌ŋ
2923	狂	宕合三去陽羣	gjwangH	gwɑ̌ŋ
2924	防	宕合三去陽並	bjangH	fvɑ̌ŋ
2925	宕	宕開一去唐定	dangH	dɑ̌ŋ
2926	浪	宕開一去唐來	langH	lɑ̌ŋ
2927	吭	宕開一去唐匣	hangH	ɦɑ̌ŋ
2928	盎	宕開一去唐影	'angH	ʔɑ̌ŋ
2929	枊	宕開一去唐疑	ngangH	ŋɑ̌ŋ
2930	葬	宕開一去唐精	tsangH	tsɑ̌ŋ
2931	傍	宕開一去唐並	bangH	bɑ̌ŋ
2932	藏	宕開一去唐從	dzangH	dzɑ̌ŋ
2933	譡	宕開一去唐端	tangH	tɑ̌ŋ
2934	抗	宕開一去唐溪	khangH	khɑ̌ŋ
2935	螃	宕開一去唐幫	pangH	pɑ̌ŋ
2936	儻	宕開一去唐透	thangH	thɑ̌ŋ
2937	曠	宕合一去唐溪	khwangH	khwɑ̌ŋ
2938	儾	宕開一去唐泥	nangH	nɑ̌ŋ
2939	喪	宕開一去唐心	sangH	sɑ̌ŋ
2940	攩	宕合一去唐匣	hwangH	ɦwɑ̌ŋ
2941	桄	宕合一去唐見	kwangH	kwɑ̌ŋ
2942	鋼	宕開一去唐見	kangH	kɑ̌ŋ
2943	荒	宕合一去唐曉	xwangH	hwɑ̌ŋ
2944	漭	宕開一去唐明	mangH	mɑ̌ŋ
2945	汪	宕合一去唐影	'wangH	ʔwɑ̌ŋ
2946	映	梗開三去庚影	'jaengH	ʔǐŋ
2947	敬	梗開三去庚見	kjaengH	kǐŋ
2948	競	梗開三去庚羣	gjaengH	gǐŋ
2949	慶	梗開三去庚溪	khjaengH	khǐŋ
2950	更	梗開二去庚見	kaengH	kə̌ŋ
2951	命	梗開三去庚明	mjaengH	mǐŋ
2952	病	梗開三去庚並	bjaengH	bǐŋ
2953	孟	梗開二去庚明	maengH	mə̌ŋ
2954	蝗	梗合二去庚匣	hwaengH	ɦwə̌ŋ
2955	柄	梗開三去庚幫	pjaengH	pǐŋ
2956	詠	梗合三去庚云	hjwaengH	jyuə̌ŋ
2957	行	梗開二去庚匣	haengH	ɦə̌ŋ
2958	瀴	梗開二去庚影	'aengH	ʔə̌ŋ
2959	㵾	梗開二去庚初	tsrhaengH	ʈʂhə̌ŋ
2960	倀	梗開二去庚知	traengH	ʈʂə̌ŋ
2961	牚	梗開二去庚徹	trhaengH	ʈʂhə̌ŋ
2962	榜	梗開二去庚幫	paengH	pə̌ŋ
2963	鋥	梗開二去庚澄	draengH	ɖʐə̌ŋ
2964	生	梗開二去庚生	sraengH	ʂə̌ŋ
2965	迎	梗開三去庚疑	ngjaengH	ŋjǐŋ
2966	膨	梗開二去庚並	baengH	bə̌ŋ
2967	䛭	梗開二去庚曉	xaengH	hə̌ŋ
2968	𥥈	梗合二去庚影	'waengH	ʔwə̌ŋ
2969	諍	梗開二去耕莊	tsreangH	ʈʂə̌ŋ
2970	迸	梗開二去耕幫	peangH	pə̌ŋ
2971	𠊧	梗開二去耕並	beangH	bə̌ŋ
2972	䙬	梗開二去耕影	'eangH	ʔə̌ŋ
2973	鞕	梗開二去耕疑	ngeangH	ŋə̌ŋ
2974	轟	梗合二去耕曉	xweangH	hwə̌ŋ
2975	勁	梗開三去清見	kjiengH	kǐŋ
2976	倩	梗開三去清清	tshjengH	tshǐŋ
2977	政	梗開三去清章	tsyengH	tʃǐŋ
2978	聖	梗開三去清書	syengH	ʃǐŋ
2979	鄭	梗開三去清澄	drjengH	dʒǐŋ
2980	遉	梗開三去清徹	trhjengH	tʃhǐŋ
2981	性	梗開三去清心	sjengH	sǐŋ
2982	令	梗開三去清來	ljengH	lǐŋ
2983	聘	梗開三去清滂	phjiengH	phǐŋ
2984	敻	梗合三去清曉	xjwengH	hyuə̌ŋ
2985	摒	梗開三去清幫	pjiengH	pǐŋ
2986	偋	梗開三去清並	bjiengH	bǐŋ
2987	淨	梗開三去清從	dzjengH	dzǐŋ
2988	盛	梗開三去清常	dzyengH	ʃʒǐŋ
2989	詺	梗開三去清明	mjiengH	mǐŋ
2990	輕	梗開三去清溪	khjiengH	khǐŋ
2991	𣢝	梗開三去清曉	xjengH	hǐŋ
2992	精	梗開三去清精	tsjengH	tsǐŋ
2993	徑	梗開四去青見	kengH	kǐŋ
2994	寗	梗開四去青泥	nengH	nǐŋ
2995	腥	梗開四去青心	sengH	sǐŋ
2996	脛	梗開四去青匣	hengH	ɦǐŋ
2997	定	梗開四去青定	dengH	dǐŋ
2998	矴	梗開四去青端	tengH	tǐŋ
2999	罄	梗開四去青溪	khengH	khǐŋ
3000	聽	梗開四去青透	thengH	thǐŋ
3001	靘	梗開四去青清	tshengH	tshǐŋ
3002	䒌	梗開四去青明	mengH	mǐŋ
3003	鎣	梗開四去青影	'engH	ʔǐŋ
3004	零	梗開四去青來	lengH	lǐŋ
3005	證	曾開三去蒸章	tsyingH	tʃǐŋ
3006	孕	曾開三去蒸以	yingH	jǐŋ
3007	乗	曾開三去蒸船	zyingH	ʃʒǐŋ
3008	認	曾開三去蒸日	nyingH	ʒǐŋ
3009	應	曾開三去蒸影	'ingH	ʔǐŋ
3010	甑	曾開三去蒸精	tsingH	tsǐŋ
3011	興	曾開三去蒸曉	xingH	hǐŋ
3012	勝	曾開三去蒸書	syingH	ʃǐŋ
3013	瞪	曾開三去蒸澄	dringH	dʒǐŋ
3014	𩜁	曾開三去蒸來	lingH	lǐŋ
3015	凭	曾開三去蒸並	bingH	bǐŋ
3016	稱	曾開三去蒸昌	tsyhingH	tʃhǐŋ
3017	凝	曾開三去蒸疑	ngingH	ŋjǐŋ
3018	丞	曾開三去蒸常	dzyingH	ʃʒǐŋ
3019	覴	曾開三去蒸徹	trhingH	tʃhǐŋ
3020	殑	曾開三去蒸羣	gingH	gǐŋ
3021	嶝	曾開一去登端	tongH	tə̌ŋ
3022	贈	曾開一去登從	dzongH	dzə̌ŋ
3023	亘	曾開一去登見	kongH	kə̌ŋ
3024	蹭	曾開一去登清	tshongH	tshə̌ŋ
3025	鄧	曾開一去登定	dongH	də̌ŋ
3026	𢅴	曾開一去登明	mongH	mə̌ŋ
3027	𥦜	曾開一去登幫	pongH	pə̌ŋ
3028	倗	曾開一去登並	bongH	bə̌ŋ
3029	踜	曾開一去登來	longH	lə̌ŋ
3030	增	曾開一去登精	tsongH	tsə̌ŋ
3031	𡬙	曾開一去登心	songH	sə̌ŋ
3032	𤃶	曾開一去登透	thongH	thə̌ŋ
3033	宥	流開三去尤云	hjuwH	jiǒw
3034	救	流開三去尤見	kjuwH	kiǒw
3035	胄	流開三去尤澄	drjuwH	dʒiǒw
3036	晝	流開三去尤知	trjuwH	tʃiǒw
3037	狩	流開三去尤書	syuwH	ʃiǒw
3038	臭	流開三去尤昌	tsyhuwH	tʃhiǒw
3039	岫	流開三去尤邪	zjuwH	sziǒw
3040	齅	流開三去尤曉	xjuwH	hiǒw
3041	呪	流開三去尤章	tsyuwH	tʃiǒw
3042	舊	流開三去尤羣	gjuwH	giǒw
3043	𤸃	流開三去尤生	srjuwH	ʂǒw
3044	皺	流開三去尤莊	tsrjuwH	ʈʂǒw
3045	副	流開三去尤滂	phjuwH	fǒw
3046	簉	流開三去尤初	tsrhjuwH	ʈʂhǒw
3047	富	流開三去尤幫	pjuwH	fǒw
3048	畜	流開三去尤徹	trhjuwH	tʃhiǒw
3049	溜	流開三去尤來	ljuwH	liǒw
3050	秀	流開三去尤心	sjuwH	siǒw
3051	僦	流開三去尤精	tsjuwH	tsiǒw
3052	驟	流開三去尤崇	dzrjuwH	ɖʐǒw
3053	就	流開三去尤從	dzjuwH	dziǒw
3054	糅	流開三去尤孃	nrjuwH	niǒw
3055	復	流開三去尤並	bjuwH	fvǒw
3056	狖	流開三去尤以	yuwH	jiǒw
3057	授	流開三去尤常	dzyuwH	ʃʒiǒw
3058	輮	流開三去尤日	nyuwH	ʒiǒw
3059	莓	流開三去尤明	mjuwH	mǒw
3060	𪖐	流開三去尤疑	ngjuwH	ŋjiǒw
3061	𪖛	流開三去尤溪	khjuwH	khiǒw
3062	䞭	流開三去尤清	tshjuwH	tshiǒw
3063	𠋫	流開一去侯匣	huwH	ɦǒw
3064	𡨥	流開一去侯溪	khuwH	khǒw
3065	茂	流開一去侯明	muwH	mǒw
3066	仆	流開一去侯滂	phuwH	phǒw
3067	豆	流開一去侯定	duwH	dǒw
3068	鬥	流開一去侯端	tuwH	tǒw
3069	槈	流開一去侯泥	nuwH	nǒw
3070	瘶	流開一去侯心	suwH	sǒw
3071	奏	流開一去侯精	tsuwH	tsǒw
3072	透	流開一去侯透	thuwH	thǒw
3073	漚	流開一去侯影	'uwH	ʔǒw
3074	遘	流開一去侯見	kuwH	kǒw
3075	輳	流開一去侯清	tshuwH	tshǒw
3076	陋	流開一去侯來	luwH	lǒw
3077	蔻	流開一去侯曉	xuwH	hǒw
3078	䏽	流開一去侯並	buwH	bǒw
3079	偶	流開一去侯疑	nguwH	ŋǒw
3080	㔌	流開一去侯從	dzuwH	dzǒw
3081	幼	流開三去幽影	'jiwH	ʔiǒw
3082	謬	流開三去幽明	mjiwH	miǒw
3083	䠗	流開三去幽溪	khjiwH	khiǒw
3084	𧾻	流開三去幽羣	gjiwH	giǒw
3085	沁	深開三去侵清	tshimH	tshǐm
3086	浸	深開三去侵精	tsimH	tsǐm
3087	妊	深開三去侵日	nyimH	ʒǐm
3088	鴆	深開三去侵澄	drimH	dʒǐm
3089	枕	深開三去侵章	tsyimH	tʃǐm
3090	𦧈	深開三去侵羣B	gimH	gǐm
3091	禁	深開三去侵見B	kimH	kǐm
3092	賃	深開三去侵孃	nrimH	nǐm
3093	蔭	深開三去侵影B	'imH	ʔǐm
3094	滲	深開三去侵生	srimH	ʂə̌m
3095	闖	深開三去侵徹	trhimH	tʃhǐm
3096	譖	深開三去侵莊	tsrimH	ʈʂə̌m
3097	讖	深開三去侵初	tsrhimH	ʈʂhə̌m
3098	吟	深開三去侵疑B	ngimH	ŋjǐm
3099	揕	深開三去侵知	trimH	tʃǐm
3100	臨	深開三去侵來	limH	lǐm
3101	甚	深開三去侵常	dzyimH	ʃʒǐm
3102	䫴	深開三去侵云	himH	jǐm
3103	深	深開三去侵書	syimH	ʃǐm
3104	勘	咸開一去覃溪	khomH	khǎm
3105	紺	咸開一去覃見	komH	kǎm
3106	憾	咸開一去覃匣	homH	ɦǎm
3107	暗	咸開一去覃影	'omH	ʔǎm
3108	僋	咸開一去覃透	thomH	thǎm
3109	俕	咸開一去覃心	somH	sǎm
3110	謲	咸開一去覃清	tshomH	tshǎm
3111	醰	咸開一去覃定	domH	dǎm
3112	儑	咸開一去覃疑	ngomH	ŋǎm
3113	馾	咸開一去覃端	tomH	tǎm
3114	妠	咸開一去覃泥	nomH	nǎm
3115	顲	咸開一去覃來	lomH	lǎm
3116	䫲	咸開一去覃曉	xomH	hǎm
3117	篸	咸開一去覃精	tsomH	tsǎm
3118	闞	咸開一去談溪	khamH	khǎm
3119	濫	咸開一去談來	lamH	lǎm
3120	賧	咸開一去談透	thamH	thǎm
3121	𪉦	咸開一去談見	kamH	kǎm
3122	𧵊	咸開一去談曉	xamH	hǎm
3123	憨	咸開一去談匣	hamH	ɦǎm
3124	憺	咸開一去談定	damH	dǎm
3125	暫	咸開一去談從	dzamH	dzǎm
3126	擔	咸開一去談端	tamH	tǎm
3127	三	咸開一去談心	samH	sǎm
3128	豔	咸開三去鹽以	yemH	jiɛ̌m
3129	贍	咸開三去鹽常	dzyemH	ʃʒiɛ̌m
3130	染	咸開三去鹽日	nyemH	ʒiɛ̌m
3131	厭	咸開三去鹽影A	'jiemH	ʔiɛ̌m
3132	窆	咸開三去鹽幫B	pjemH	piɛ̌m
3133	驗	咸開三去鹽疑B	ngjemH	ŋjiɛ̌m
3134	閃	咸開三去鹽書	syemH	ʃiɛ̌m
3135	𡄑	咸開三去鹽精	tsjemH	tsiɛ̌m
3136	壍	咸開三去鹽清	tshjemH	tshiɛ̌m
3137	殮	咸開三去鹽來	ljemH	liɛ̌m
3138	覘	咸開三去鹽徹	trhjemH	tʃhiɛ̌m
3139	䠨	咸開三去鹽昌	tsyhemH	tʃhiɛ̌m
3140	𢜰	咸開三去鹽影B	'jemH	ʔiɛ̌m
3141	潛	咸開三去鹽從	dzjemH	dziɛ̌m
3142	占	咸開三去鹽章	tsyemH	tʃiɛ̌m
3143	㮇	咸開四去添透	themH	thiɛ̌m
3144	念	咸開四去添泥	nemH	niɛ̌m
3145	店	咸開四去添端	temH	tiɛ̌m
3146	䃸	咸開四去添心	semH	siɛ̌m
3147	磹	咸開四去添定	demH	diɛ̌m
3148	趝	咸開四去添見	kemH	kiɛ̌m
3149	酓	咸開四去添影	'emH	ʔiɛ̌m
3150	僭	咸開四去添精	tsemH	tsiɛ̌m
3151	䁮	咸開四去添從	dzemH	dziɛ̌m
3152	兼	咸開四去添見	kemH	kiɛ̌m
3153	傔	咸開四去添溪	khemH	khiɛ̌m
3154	稴	咸開四去添來	lemH	liɛ̌m
3155	釅	咸開三去嚴疑	ngjaemH	ŋjiɛ̌m
3156	脅	咸開三去嚴曉	xjaemH	hiɛ̌m
3157	㪁	咸開三去嚴溪	khjaemH	khiɛ̌m
3158	𦲯	咸合三去凡明	mjomH	vǎm
3159	陷	咸開二去咸匣	heamH	ɦiǎm
3160	韽	咸開二去咸影	'eamH	ʔiǎm
3161	蘸	咸開二去咸莊	tsreamH	ʈʂǎm
3162	𪉜	咸開二去咸知	treamH	ʈʂǎm
3163	歉	咸開二去咸溪	kheamH	khiǎm
3164	𧸖	咸開二去咸澄	dreamH	ɖʐǎm
3165	儳	咸開二去咸崇	dzreamH	ɖʐǎm
3166	𪉦	咸開二去咸見	keamH	kiǎm
3167	諵	咸開二去咸孃	nreamH	nǎm
3168	顑	咸開二去咸疑	ngeamH	ŋjiǎm
3169	鑑	咸開二去銜見	kaemH	kiǎm
3170	懺	咸開二去銜初	tsrhaemH	ʈʂhǎm
3171	覱	咸開二去銜莊	tsraemH	ʈʂǎm
3172	釤	咸開二去銜生	sraemH	ʂǎm
3173	㒈	咸開二去銜曉	xaemH	hiǎm
3174	埿	咸開二去銜並	baemH	bǎm
3175	㽉	咸開二去銜匣	haemH	ɦiǎm
3176	鑱	咸開二去銜崇	dzraemH	ɖʐǎm
3177	𪒠	咸開二去銜影	'aemH	ʔiǎm
3178	梵	咸合三去凡並	bjomH	fvǎm
3179	汎	咸合三去凡滂	phjomH	fǎm
3180	劔	咸開三去嚴見	kjaemH	kiɛ̌m
3181	欠	咸開三去嚴溪	khjaemH	khiɛ̌m
3182	俺	咸開三去嚴影	'jaemH	ʔiɛ̌m
3183	屋	通開一入東影	'uwk	ʔuk
3184	獨	通開一入東定	duwk	dȕk
3185	穀	通開一入東見	kuwk	kuk
3186	縠	通開一入東匣	huwk	ɦȕk
3187	哭	通開一入東溪	khuwk	khuk
3188	秃	通開一入東透	thuwk	thuk
3189	𣫔	通開一入東端	tuwk	tuk
3190	速	通開一入東心	suwk	suk
3191	禄	通開一入東來	luwk	lȕk
3192	嗀	通開一入東曉	xuwk	huk
3193	族	通開一入東從	dzuwk	dzȕk
3194	瘯	通開一入東清	tshuwk	tshuk
3195	鏃	通開一入東精	tsuwk	tsuk
3196	暴	通開一入東並	buwk	bȕk
3197	扑	通開一入東滂	phuwk	phuk
3198	卜	通開一入東幫	puwk	puk
3199	木	通開一入東明	muwk	mȕk
3200	福	通開三入東幫	pjuwk	fuk
3201	伏	通開三入東並	bjuwk	fvȕk
3202	縮	通開三入東生	srjuwk	ʂuk
3203	六	通開三入東來	ljuwk	lyȕk
3204	逐	通開三入東澄	drjuwk	dʒyȕk
3205	菊	通開三入東見	kjuwk	kyuk
3206	麴	通開三入東溪	khjuwk	khyuk
3207	熟	通開三入東常	dzyuwk	ʃʒyȕk
3208	俶	通開三入東昌	tsyhuwk	tʃhyuk
3209	育	通開三入東以	yuwk	jyȕk
3210	驧	通開三入東羣	gjuwk	gyȕk
3211	鼀	通開三入東清	tshjuwk	tshyuk
3212	肉	通開三入東日	nyuwk	ʒyȕk
3213	粥	通開三入東章	tsyuwk	tʃyuk
3214	叔	通開三入東書	syuwk	ʃyuk
3215	蓄	通開三入東曉	xjuwk	hyuk
3216	竹	通開三入東知	trjuwk	tʃyuk
3217	蹙	通開三入東精	tsjuwk	tsyuk
3218	珿	通開三入東初	tsrhjuwk	ʈʂhuk
3219	肭	通開三入東孃	nrjuwk	nyȕk
3220	縬	通開三入東莊	tsrjuwk	ʈʂuk
3221	蝮	通開三入東滂	phjuwk	fuk
3222	郁	通開三入東影	'juwk	ʔyuk
3223	肅	通開三入東心	sjuwk	syuk
3224	目	通開三入東明	mjuwk	mȕk
3225	囿	通開三入東云	hjuwk	jyȕk
3226	蓄	通開三入東徹	trhjuwk	tʃhyuk
3227	砡	通開三入東疑	ngjuwk	ŋjyȕk
3228	𣤶	通開三入東從	dzjuwk	dzyȕk
3229	沃	通開一入冬影	'owk	ʔuk
3230	毒	通開一入冬定	dowk	dȕk
3231	篤	通開一入冬端	towk	tuk
3232	酷	通開一入冬溪	khowk	khuk
3233	鵠	通開一入冬匣	howk	ɦȕk
3234	僕	通開一入冬並	bowk	bȕk
3235	洬	通開一入冬心	sowk	suk
3236	梏	通開一入冬見	kowk	kuk
3237	瑁	通開一入冬明	mowk	mȕk
3238	熇	通開一入冬曉	xowk	huk
3239	褥	通開一入冬泥	nowk	nȕk
3240	傶	通開一入冬精	tsowk	tsuk
3241	襮	通開一入冬幫	powk	puk
3242	濼	通開一入冬來	lowk	lȕk
3243	𤛹	通開一入冬疑	ngowk	ŋȕk
3244	燭	通開三入鍾章	tsyowk	tʃyuk
3245	玉	通開三入鍾疑	ngjowk	ŋjyȕk
3246	旭	通開三入鍾曉	xjowk	hyuk
3247	輂	通開三入鍾見	kjowk	kyuk
3248	局	通開三入鍾羣	gjowk	gyȕk
3249	蜀	通開三入鍾常	dzyowk	ʃʒyȕk
3250	觸	通開三入鍾昌	tsyhowk	tʃhyuk
3251	辱	通開三入鍾日	nyowk	ʒyȕk
3252	束	通開三入鍾書	syowk	ʃyuk
3253	欲	通開三入鍾以	yowk	jyȕk
3254	躅	通開三入鍾澄	drjowk	dʒyȕk
3255	録	通開三入鍾來	ljowk	lyȕk
3256	曲	通開三入鍾溪	khjowk	khyuk
3257	瘃	通開三入鍾知	trjowk	tʃyuk
3258	足	通開三入鍾精	tsjowk	tsyuk
3259	贖	通開三入鍾船	zyowk	ʃʒyȕk
3260	幞	通開三入鍾並	bjowk	fvȕk
3261	促	通開三入鍾清	tshjowk	tshyuk
3262	續	通開三入鍾邪	zjowk	szyȕk
3263	粟	通開三入鍾心	sjowk	syuk
3264	䪁	通開三入鍾幫	pjowk	fuk
3265	梀	通開三入鍾徹	trhjowk	tʃhyuk
3266	覺	江開二入江見	kaewk	kiɔk
3267	嶽	江開二入江疑	ngaewk	ŋjiɔ̏k
3268	浞	江開二入江崇	dzraewk	ɖʐwɔ̏k
3269	捉	江開二入江莊	tsraewk	ʈʂwɔk
3270	朔	江開二入江生	sraewk	ʂwɔk
3271	斲	江開二入江知	traewk	ʈʂwɔk
3272	剥	江開二入江幫	paewk	pɔk
3273	邈	江開二入江明	maewk	mɔ̏k
3274	雹	江開二入江並	baewk	bɔ̏k
3275	璞	江開二入江滂	phaewk	phɔk
3276	㱿	江開二入江溪	khaewk	khiɔk
3277	濁	江開二入江澄	draewk	ɖʐwɔ̏k
3278	渥	江開二入江影	'aewk	ʔiɔk
3279	搦	江開二入江孃	nraewk	nɔ̏k
3280	逴	江開二入江徹	trhaewk	ʈʂhwɔk
3281	犖	江開二入江來	laewk	lɔ̏k
3282	學	江開二入江匣	haewk	ɦiɔ̏k
3283	㕰	江開二入江曉	xaewk	hiɔk
3284	娖	江開二入江初	tsrhaewk	ʈʂhwɔk
3285	質	臻開三入眞章	tsyit	tʃit
3286	日	臻開三入眞日	nyit	ʒȉt
3287	實	臻開三入眞船	zyit	ʃʒȉt
3288	秩	臻開三入眞澄	drit	dʒȉt
3289	悉	臻開三入眞心	sit	sit
3290	一	臻開三入眞影A	'jit	ʔit
3291	七	臻開三入眞清	tshit	tshit
3292	匹	臻開三入眞滂A	phjit	phit
3293	吉	臻開三入眞見A	kjit	kit
3294	暱	臻開三入眞孃	nrit	nȉt
3295	逸	臻開三入眞以	yit	jȉt
3296	詰	臻開三入眞溪A	khjit	khit
3297	欯	臻開三入眞曉A	xjit	hit
3298	抶	臻開三入眞徹	trhit	tʃhit
3299	栗	臻開三入眞來	lit	lȉt
3300	窒	臻開三入眞知	trit	tʃit
3301	疾	臻開三入眞從	dzit	dzȉt
3302	㓼	臻開三入臻初	tsrhit	ʈʂhət
3303	失	臻開三入眞書	syit	ʃit
3304	堲	臻開三入眞精	tsit	tsit
3305	蜜	臻開三入眞明A	mjit	mȉt
3306	必	臻開三入眞幫A	pjit	pit
3307	姞	臻開三入眞羣B	git	gȉt
3308	邲	臻開三入眞並A	bjit	bȉt
3309	䫻	臻合三入眞云	hwit	jyȕt
3310	率	臻合三入諄生	srwit	ʂut
3311	叱	臻開三入眞昌	tsyhit	tʃhit
3312	𪗨	臻開三入臻崇	dzrit	ɖʐə̏t
3313	密	臻開三入眞明B	mit	mȉt
3314	弼	臻開三入眞並B	bit	bȉt
3315	乙	臻開三入眞影B	'it	ʔit
3316	耴	臻開三入眞疑B	ngit	ŋjȉt
3317	筆	臻開三入眞幫B	pit	pit
3318	茁	臻合三入諄知	trwit	tʃyut
3319	肸	臻開三入眞曉B	xit	hit
3320	曁	臻開三入眞見B	kit	kit
3321	蛭	臻開三入眞知	trit	tʃit
3322	獝	臻合三入諄曉	xwit	hyut
3323	術	臻合三入諄船	zywit	ʃʒyȕt
3324	橘	臻合三入諄見	kjwit	kyut
3325	崒	臻合三入諄從	dzwit	dzyȕt
3326	聿	臻合三入諄以	ywit	jyȕt
3327	卒	臻合三入諄精	tswit	tsyut
3328	卹	臻合三入諄心	swit	syut
3329	律	臻合三入諄來	lwit	lyȕt
3330	黜	臻合三入諄徹	trhwit	tʃhyut
3331	㤕	臻合三入諄知	trwit	tʃyut
3332	术	臻合三入諄澄	drwit	dʒyȕt
3333	出	臻合三入諄昌	tsyhwit	tʃhyut
3334	焌	臻合三入諄清	tshwit	tshyut
3335	𠭴	臻合三入諄莊	tsrwit	ʈʂut
3336	䎉	臻合三入眞曉B	xwit	hyut
3337	櫛	臻開三入臻莊	tsrit	ʈʂət
3338	瑟	臻開三入臻生	srit	ʂət
3339	𪗨	臻開三入臻崇	dzrit	ɖʐə̏t
3340	物	臻合三入文明	mjut	vȕt
3341	弗	臻合三入文幫	pjut	fut
3342	鬱	臻合三入文影	'jut	ʔyut
3343	𠀔	臻合三入文見	kjut	kyut
3344	屈	臻合三入文溪	khjut	khyut
3345	倔	臻合三入文羣	gjut	gyȕt
3346	佛	臻合三入文並	bjut	fvȕt
3347	䬍	臻合三入文曉	xjut	hyut
3348	䬑	臻合三入文云	hjut	jyȕt
3349	拂	臻合三入文滂	phjut	fut
3350	崛	臻合三入文疑	ngjut	ŋjyȕt
3351	迄	臻開三入欣曉	xj+t	hit
3352	訖	臻開三入欣見	kj+t	kit
3353	疙	臻開三入欣疑	ngj+t	ŋjȉt
3354	䞘	臻開三入欣羣	gj+t	gȉt
3355	乞	臻開三入欣溪	khj+t	khit
3356	月	臻合三入元疑	ngjwot	ŋjyuɛ̏t
3357	伐	臻合三入元並	bjot	fvȁt
3358	越	臻合三入元云	hjwot	jyuɛ̏t
3359	厥	臻合三入元見	kjwot	kyuɛt
3360	𡡕	臻合三入元影	'jwot	ʔyuɛt
3361	𧤼	臻合三入元羣	gjwot	gyuɛ̏t
3362	闕	臻合三入元溪	khjwot	khyuɛt
3363	髮	臻合三入元幫	pjot	fat
3364	韤	臻合三入元明	mjot	vȁt
3365	䬂	臻合三入元曉	xjwot	hyuɛt
3366	謁	臻開三入元影	'jot	ʔiɛt
3367	歇	臻開三入元曉	xjot	hiɛt
3368	訐	臻開三入元見	kjot	kiɛt
3369	𢷒	臻開三入元羣	gjot	giɛ̏t
3370	㤄	臻合三入元滂	phjot	fat
3371	钀	臻開三入元疑	ngjot	ŋjiɛ̏t
3372	没	臻合一入魂明	mwot	mȕt
3373	𣅝	臻合一入魂透	thwot	thut
3374	骨	臻合一入魂見	kwot	kut
3375	勃	臻合一入魂並	bwot	bȕt
3376	咄	臻合一入魂端	twot	tut
3377	宊	臻合一入魂透	thwot	thut
3378	突	臻合一入魂定	dwot	dȕt
3379	𩑦	臻合一入魂影	'wot	ʔut
3380	忽	臻合一入魂曉	xwot	hut
3381	兀	臻合一入魂疑	ngwot	ŋȕt
3382	䪬	臻合一入魂滂	phwot	phut
3383	𠀽	臻合一入魂來	lwot	lȕt
3384	窟	臻合一入魂溪	khwot	khut
3385	訥	臻合一入魂泥	nwot	nȕt
3386	窣	臻合一入魂心	swot	sut
3387	猝	臻合一入魂清	tshwot	tshut
3388	捽	臻合一入魂從	dzwot	dzȕt
3389	麧	臻開一入痕匣	hot	ɦə̏t
3390	搰	臻合一入魂匣	hwot	ɦȕt
3391	卒	臻合一入魂精	tswot	tsut
3392	曷	山開一入寒匣	hat	ɦɔ̏t
3393	䫘	山開一入寒曉	xat	hɔt
3394	怛	山開一入寒端	tat	tat
3395	闥	山開一入寒透	that	that
3396	遏	山開一入寒影	'at	ʔɔt
3397	剌	山開一入寒來	lat	lȁt
3398	渴	山開一入寒溪	khat	khɔt
3399	達	山開一入寒定	dat	dȁt
3400	巀	山開一入寒從	dzat	dzȁt
3401	嶭	山開一入寒疑	ngat	ŋɔ̏t
3402	葛	山開一入寒見	kat	kɔt
3403	躠	山開一入寒心	sat	sat
3404	攃	山開一入寒清	tshat	tshat
3405	捺	山開一入寒泥	nat	nȁt
3406	䔾	山開一入寒明	mat	mɔ̏t
3407	末	山合一入桓明	mat	mwɔ̏t
3408	枂	山合一入桓疑	ngwat	ŋwɔ̏t
3409	柮	山合一入桓從	dzwat	dzwɔ̏t
3410	撥	山合一入桓幫	pat	pwɔt
3411	䰖	山開一入寒精	tsat	tsat
3412	括	山合一入桓見	kwat	kwɔt
3413	闊	山合一入桓溪	khwat	khwɔt
3414	活	山合一入桓匣	hwat	ɦwɔ̏t
3415	奪	山合一入桓定	dwat	dwɔ̏t
3416	豁	山合一入桓曉	xwat	hwɔt
3417	斡	山合一入桓影	'wat	ʔwɔt
3418	繓	山合一入桓精	tswat	tswɔt
3419	鏺	山合一入桓滂	phat	phwɔt
3420	侻	山合一入桓透	thwat	thwɔt
3421	捋	山合一入桓來	lwat	lwɔ̏t
3422	掇	山合一入桓端	twat	twɔt
3423	撮	山合一入桓清	tshwat	tshwɔt
3424	跋	山合一入桓並	bat	bwɔ̏t
3425	黠	山開二入山匣	heat	ɦiȁt
3426	札	山開二入山莊	tsreat	ʈʂat
3427	拔	山開二入山並	beat	bȁt
3428	𤫶	山開二入山溪	kheat	khiat
3429	滑	山合二入山匣	hweat	ɦwȁt
3430	八	山開二入山幫	peat	pat
3431	窡	山合二入山知	trweat	ʈʂwat
3432	婠	山合二入山影	'weat	ʔwat
3433	豽	山合二入山孃	nrweat	nwȁt
3434	𪙻	山開二入山初	tsrheat	ʈʂhat
3435	劀	山合二入山見	kweat	kwat
3436	戛	山開二入山見	keat	kiat
3437	軋	山開二入山影	'eat	ʔiat
3438	殺	山開二入山生	sreat	ʂat
3439	㑻	山開二入山明	meat	mȁt
3440	傄	山合二入山曉	xweat	hwat
3441	痆	山開二入山孃	nreat	nȁt
3442	𦤙	山合二入山疑	ngweat	ŋwȁt
3443	䯇	山合二入山溪	khweat	khwat
3444	汃	山開二入山滂	pheat	phat
3445	茁	山合二入山莊	tsrweat	ʈʂwat
3446	鎋	山開二入刪匣	haet	ɦiȁt
3447	𪆰	山開二入刪影	'aet	ʔiat
3448	齾	山開二入刪疑	ngaet	ŋjiȁt
3449	刹	山開二入刪初	tsrhaet	ʈʂhat
3450	𥴭	山開二入刪溪	khaet	khiat
3451	瞎	山開二入刪曉	xaet	hiat
3452	獺	山開二入刪徹	trhaet	ʈʂhat
3453	刮	山合二入刪見	kwaet	kwat
3454	頢	山合二入刪匣	hwaet	ɦwȁt
3455	䫄	山合二入刪徹	trhwaet	ʈʂhwat
3456	鵽	山合二入刪知	trwaet	ʈʂwat
3457	刷	山合二入刪生	srwaet	ʂwat
3458	刖	山合二入刪疑	ngwaet	ŋwȁt
3459	䵵	山合二入刪初	tsrhwaet	ʈʂhwat
3460	𥗥	山開二入刪明	maet	mȁt
3461	妠	山合二入刪孃	nrwaet	nwȁt
3462	捌	山開二入刪幫	paet	pat
3463	𪈟	山開二入刪見	kaet	kiat
3464	𨰉	山開二入刪崇	dzraet	ɖʐȁt
3465	哳	山開二入刪知	traet	ʈʂat
3466	𩭿	山開二入刪日	nyaet	ʒȁt
3467	屑	山開四入先心	set	siɛt
3468	切	山開四入先清	tshet	tshiɛt
3469	結	山開四入先見	ket	kiɛt
3470	節	山開四入先精	tset	tsiɛt
3471	血	山合四入先曉	xwet	hyuɛt
3472	闋	山合四入先溪	khwet	khyuɛt
3473	玦	山合四入先見	kwet	kyuɛt
3474	穴	山合四入先匣	hwet	ɦyuɛ̏t
3475	抉	山合四入先影	'wet	ʔyuɛt
3476	姪	山開四入先定	det	diɛ̏t
3477	鐵	山開四入先透	thet	thiɛt
3478	纈	山開四入先匣	het	ɦiɛ̏t
3479	涅	山開四入先泥	net	niɛ̏t
3480	𢧵	山開四入先從	dzet	dziɛ̏t
3481	齧	山開四入先疑	nget	ŋjiɛ̏t
3482	蔑	山開四入先明	met	miɛ̏t
3483	㢼	山開四入先幫	pet	piɛt
3484	噎	山開四入先影	'et	ʔiɛt
3485	猰	山開四入先溪	khet	khiɛt
3486	𡘐	山開四入先曉	xet	hiɛt
3487	撆	山開四入先滂	phet	phiɛt
3488	蹩	山開四入先並	bet	biɛ̏t
3489	窒	山開四入先端	tet	tiɛt
3490	𥸸	山開四入先來	let	liɛ̏t
3491	薛	山開三入仙心	sjet	siɛt
3492	列	山開三入仙來	ljet	liɛ̏t
3493	哲	山開三入仙知	trjet	tʃiɛt
3494	傑	山開三入仙羣B	gjet	giɛ̏t
3495	熱	山開三入仙日	nyet	ʒiɛ̏t
3496	晢	山開三入仙章	tsyet	tʃiɛt
3497	舌	山開三入仙船	zyet	ʃʒiɛ̏t
3498	折	山開三入仙常	dzyet	ʃʒiɛ̏t
3499	孼	山開三入仙疑B	ngjet	ŋjiɛ̏t
3500	滅	山開三入仙明A	mjiet	miɛ̏t
3501	朅	山開三入仙溪B	khjet	khiɛt
3502	鷩	山開三入仙幫A	pjiet	piɛt
3503	絕	山合三入仙從	dzjwet	dzyuɛ̏t
3504	蕝	山合三入仙精	tsjwet	tsyuɛt
3505	雪	山合三入仙心	sjwet	syuɛt
3506	𤿫	山合三入仙徹	trhjwet	tʃhyuɛt
3507	悅	山合三入仙以	ywet	jyuɛ̏t
3508	缺	山合三入仙溪A	khjwiet	khyuɛt
3509	噦	山合三入仙影B	'jwet	ʔyuɛt
3510	爇	山合三入仙日	nywet	ʒyuɛ̏t
3511	說	山合三入仙書	sywet	ʃyuɛt
3512	拙	山合三入仙章	tsywet	tʃyuɛt
3513	歠	山合三入仙昌	tsyhwet	tʃhyuɛt
3514	輟	山合三入仙知	trjwet	tʃyuɛt
3515	劣	山合三入仙來	ljwet	lyuɛ̏t
3516	瞥	山開三入仙滂A	phjiet	phiɛt
3517	别	山開三入仙並B	bjet	biɛ̏t
3518	轍	山開三入仙澄	drjet	dʒiɛ̏t
3519	䇷	山開三入仙幫B	pjet	piɛt
3520	㕞	山合三入仙生	srjwet	ʂwat
3521	孑	山開三入仙見B	kjet	kiɛt
3522	設	山開三入仙書	syet	ʃiɛt
3523	呐	山合三入仙孃	nrjwet	nyuɛ̏t
3524	𥄎	山合三入仙曉B	xjwet	hyuɛt
3525	妜	山合三入仙影A	'jwiet	ʔyuɛt
3526	蹶	山合三入仙見B	kjwet	kyuɛt
3527	茁	山合三入仙莊	tsrjwet	ʈʂwat
3528	膬	山合三入仙清	tshjwet	tshyuɛt
3529	蠽	山開三入仙精	tsjet	tsiɛt
3530	榝	山開三入仙生	srjet	ʂat
3531	焆	山開三入仙影B	'jet	ʔiɛt
3532	屮	山開三入仙徹	trhjet	tʃhiɛt
3533	娎	山開三入仙曉B	xjet	hiɛt
3534	啜	山合三入仙昌	tsyhwet	tʃhyuɛt
3535	㔍	山開三入仙初	tsrhjet	ʈʂhat
3536	㿱	山合三入仙邪	zjwet	szyuɛ̏t
3537	掣	山開三入仙昌	tsyhet	tʃhiɛt
3538	抴	山開三入仙以	yet	jiɛ̏t
3539	𨵊	山開三入仙崇	dzrjet	ɖʐȁt
3540	藥	宕開三入陽以	yak	jiɔ̏k
3541	略	宕開三入陽來	ljak	liɔ̏k
3542	腳	宕開三入陽見	kjak	kiɔk
3543	灼	宕開三入陽章	tsyak	tʃiɔk
3544	爍	宕開三入陽書	syak	ʃiɔk
3545	若	宕開三入陽日	nyak	ʒiɔ̏k
3546	綽	宕開三入陽昌	tsyhak	tʃhiɔk
3547	約	宕開三入陽影	'jak	ʔiɔk
3548	卻	宕開三入陽溪	khjak	khiɔk
3549	虐	宕開三入陽疑	ngjak	ŋjiɔ̏k
3550	妁	宕開三入陽常	dzyak	ʃʒiɔ̏k
3551	㲋	宕開三入陽徹	trhjak	tʃhiɔk
3552	削	宕開三入陽心	sjak	siɔk
3553	斮	宕開三入陽莊	tsrjak	ʈʂwɔk
3554	爵	宕開三入陽精	tsjak	tsiɔk
3555	皭	宕開三入陽從	dzjak	dziɔ̏k
3556	鵲	宕開三入陽清	tshjak	tshiɔk
3557	噱	宕開三入陽羣	gjak	giɔ̏k
3558	嬳	宕合三入陽影	'jwak	ʔyuɔk
3559	縛	宕合三入陽並	bjak	fvɔ̏k
3560	䂄	宕合三入陽曉	xjwak	hyuɔk
3561	籰	宕合三入陽云	hjwak	jyuɔ̏k
3562	玃	宕合三入陽見	kjwak	kyuɔk
3563	芍	宕開三入陽知	trjak	tʃiɔk
3564	著	宕開三入陽澄	drjak	dʒiɔ̏k
3565	躩	宕合三入陽溪	khjwak	khyuɔk
3566	戄	宕合三入陽羣	gjwak	gyuɔ̏k
3567	逽	宕開三入陽孃	nrjak	niɔ̏k
3568	𩅿	宕合三入陽滂	phjak	fɔk
3569	謔	宕開三入陽曉	xjak	hiɔk
3570	鐸	宕開一入唐定	dak	dɔ̏k
3571	莫	宕開一入唐明	mak	mɔ̏k
3572	落	宕開一入唐來	lak	lɔ̏k
3573	託	宕開一入唐透	thak	thɔk
3574	作	宕開一入唐精	tsak	tsɔk
3575	錯	宕開一入唐清	tshak	tshɔk
3576	各	宕開一入唐見	kak	kɔk
3577	恪	宕開一入唐溪	khak	khɔk
3578	咢	宕開一入唐疑	ngak	ŋɔ̏k
3579	𩔈	宕開一入唐滂	phak	phɔk
3580	惡	宕開一入唐影	'ak	ʔɔk
3581	泊	宕開一入唐並	bak	bɔ̏k
3582	𦞦	宕開一入唐曉	xak	hɔk
3583	索	宕開一入唐心	sak	sɔk
3584	涸	宕開一入唐匣	hak	ɦɔ̏k
3585	昨	宕開一入唐從	dzak	dzɔ̏k
3586	博	宕開一入唐幫	pak	pɔk
3587	諾	宕開一入唐泥	nak	nɔ̏k
3588	霍	宕合一入唐曉	xwak	hwɔk
3589	郭	宕合一入唐見	kwak	kwɔk
3590	雘	宕合一入唐影	'wak	ʔwɔk
3591	穫	宕合一入唐匣	hwak	ɦwɔ̏k
3592	廓	宕合一入唐溪	khwak	khwɔk
3593	瓁	宕合一入唐疑	ngwak	ŋwɔ̏k
3594	硦	宕合一入唐來	lwak	lwɔ̏k
3595	㘀	宕合一入唐精	tswak	tswɔk
3596	陌	梗開二入庚明	maek	mə̏k
3597	磔	梗開二入庚知	traek	ʈʂək
3598	白	梗開二入庚並	baek	bə̏k
3599	伯	梗開二入庚幫	paek	pək
3600	劇	梗開三入庚羣	gjaek	gȉk
3601	戟	梗開三入庚見	kjaek	kik
3602	𡩡	梗開三入庚生	srjaek	ʂək
3603	柵	梗開三入庚初	tsrhjaek	ʈʂhək
3604	嚄	梗合二入庚匣	hwaek	ɦwə̏k
3605	嘖	梗開二入庚莊	tsraek	ʈʂək
3606	齚	梗開二入庚崇	dzraek	ɖʐə̏k
3607	隙	梗開三入庚溪	khjaek	khik
3608	額	梗開二入庚疑	ngaek	ŋə̏k
3609	逆	梗開三入庚疑	ngjaek	ŋjȉk
3610	客	梗開二入庚溪	khaek	khək
3611	啞	梗開二入庚影	'aek	ʔək
3612	虩	梗開三入庚曉	xjaek	hik
3613	𡍩	梗開二入庚徹	trhaek	ʈʂhək
3614	䪝	梗合二入庚影	'waek	ʔwək
3615	拍	梗開二入庚滂	phaek	phək
3616	赫	梗開二入庚曉	xaek	hək
3617	垎	梗開二入庚匣	haek	ɦə̏k
3618	格	梗開二入庚見	kaek	kək
3619	謋	梗合二入庚曉	xwaek	hwək
3620	宅	梗開二入庚澄	draek	ɖʐə̏k
3621	虢	梗合二入庚見	kwaek	kwək
3622	擭	梗合三入庚影	'jwaek	ʔyuək
3623	蹃	梗開二入庚孃	nraek	nə̏k
3624	𧍕	梗合二入庚溪	khwaek	khwək
3625	欂	梗開三入庚並	bjaek	bȉk
3626	麥	梗開二入耕明	meak	mə̏k
3627	獲	梗合二入耕匣	hweak	ɦwə̏k
3628	蟈	梗合二入耕見	kweak	kwək
3629	檗	梗開二入耕幫	peak	pək
3630	䌟	梗開二入耕並	beak	bə̏k
3631	賾	梗開二入耕崇	dzreak	ɖʐə̏k
3632	責	梗開二入耕莊	tsreak	ʈʂək
3633	䞰	梗合二入耕崇	dzrweak	ɖʐwə̏k
3634	策	梗開二入耕初	tsrheak	ʈʂhək
3635	礊	梗開二入耕溪	kheak	khək
3636	剨	梗合二入耕曉	xweak	hwək
3637	覈	梗開二入耕匣	heak	ɦə̏k
3638	隔	梗開二入耕見	keak	kək
3639	摘	梗開二入耕知	treak	ʈʂək
3640	戹	梗開二入耕影	'eak	ʔək
3641	栜	梗開二入耕生	sreak	ʂək
3642	𢶉	梗開二入耕滂	pheak	phək
3643	虉	梗開二入耕疑	ngeak	ŋə̏k
3644	礐	梗開二入耕來	leak	lə̏k
3645	㩇	梗合二入耕莊	tsrweak	ʈʂwək
3646	𢷾	梗合二入耕生	srweak	ʂwək
3647	𧾛	梗合二入耕羣	gweak	gwə̏k
3648	疒	梗開二入耕孃	nreak	nə̏k
3649	昔	梗開三入清心	sjek	sik
3650	積	梗開三入清精	tsjek	tsik
3651	益	梗開三入清影	'jiek	ʔik
3652	繹	梗開三入清以	yek	jȉk
3653	釋	梗開三入清書	syek	ʃik
3654	尺	梗開三入清昌	tsyhek	tʃhik
3655	石	梗開三入清常	dzyek	ʃʒȉk
3656	隻	梗開三入清章	tsyek	tʃik
3657	擲	梗開三入清澄	drjek	dʒȉk
3658	皵	梗開三入清清	tshjek	tshik
3659	席	梗開三入清邪	zjek	szȉk
3660	籍	梗開三入清從	dzjek	dzȉk
3661	擗	梗開三入清並	bjiek	bȉk
3662	役	梗合三入清以	ywek	jyuə̏k
3663	瞁	梗合三入清曉	xjwek	hyuək
3664	辟	梗開三入清幫	pjiek	pik
3665	僻	梗開三入清滂	phjiek	phik
3666	麝	梗開三入清船	zyek	ʃʒȉk
3667	碧	梗開三入庚幫	pjaek	pik
3668	𪐏	梗開三入清知	trjek	tʃik
3669	彳	梗開三入清徹	trhjek	tʃhik
3670	𦳮	梗合三入清章	tsywek	tʃyuək
3671	𥄎	梗合三入清清	tshjwek	tshyuək
3672	錫	梗開四入青心	sek	sik
3673	激	梗開四入青見	kek	kik
3674	霹	梗開四入青滂	phek	phik
3675	靂	梗開四入青來	lek	lȉk
3676	的	梗開四入青端	tek	tik
3677	檄	梗開四入青匣	hek	ɦȉk
3678	鷁	梗開四入青疑	ngek	ŋjȉk
3679	荻	梗開四入青定	dek	dȉk
3680	逖	梗開四入青透	thek	thik
3681	績	梗開四入青精	tsek	tsik
3682	燩	梗開四入青溪	khek	khik
3683	惄	梗開四入青泥	nek	nȉk
3684	寂	梗開四入青從	dzek	dzȉk
3685	覓	梗開四入青明	mek	mȉk
3686	甓	梗開四入青並	bek	bȉk
3687	壁	梗開四入青幫	pek	pik
3688	闃	梗合四入青溪	khwek	khyuək
3689	郹	梗合四入青見	kwek	kyuək
3690	戚	梗開四入青清	tshek	tshik
3691	赥	梗開四入青曉	xek	hik
3692	𥍟	梗合四入青曉	xwek	hyuək
3693	𣤩	梗開四入青徹	trhek	tʃhik
3694	職	曾開三入蒸章	tsyik	tʃik
3695	直	曾開三入蒸澄	drik	dʒȉk
3696	力	曾開三入蒸來	lik	lȉk
3697	敕	曾開三入蒸徹	trhik	tʃhik
3698	陟	曾開三入蒸知	trik	tʃik
3699	食	曾開三入蒸船	zyik	ʃʒȉk
3700	息	曾開三入蒸心	sik	sik
3701	寔	曾開三入蒸常	dzyik	ʃʒȉk
3702	識	曾開三入蒸書	syik	ʃik
3703	赩	曾開三入蒸曉	xik	hik
3704	崱	曾開三入蒸崇	dzrik	ɖʐə̏k
3705	極	曾開三入蒸羣	gik	gȉk
3706	匿	曾開三入蒸孃	nrik	nȉk
3707	測	曾開三入蒸初	tsrhik	ʈʂhək
3708	憶	曾開三入蒸影	'ik	ʔik
3709	色	曾開三入蒸生	srik	ʂək
3710	䩯	曾開三入蒸溪	khik	khik
3711	殛	曾開三入蒸見	kik	kik
3712	弋	曾開三入蒸以	yik	jȉk
3713	即	曾開三入蒸精	tsik	tsik
3714	逼	曾開三入蒸幫	pik	pik
3715	域	曾合三入蒸云	hwik	jyuə̏k
3716	洫	曾合三入蒸曉	xwik	hyuək
3717	堛	曾開三入蒸滂	phik	phik
3718	稄	曾開三入蒸莊	tsrik	ʈʂək
3719	愎	曾開三入蒸並	bik	bȉk
3720	嶷	曾開三入蒸疑	ngik	ŋjȉk
3721	堲	曾開三入蒸從	dzik	dzȉk
3722	𡮞	曾開三入蒸知	trik	tʃik
3723	䁇	曾開三入蒸明	mik	mȉk
3724	瀷	曾開三入蒸昌	tsyhik	tʃhik
3725	德	曾開一入登端	tok	tək
3726	則	曾開一入登精	tsok	tsək
3727	勒	曾開一入登來	lok	lə̏k
3728	忒	曾開一入登透	thok	thək
3729	刻	曾開一入登溪	khok	khək
3730	特	曾開一入登定	dok	də̏k
3731	黑	曾開一入登曉	xok	hək
3732	墨	曾開一入登明	mok	mə̏k
3733	賊	曾開一入登從	dzok	dzə̏k
3734	塞	曾開一入登心	sok	sək
3735	北	曾開一入登幫	pok	pək
3736	菔	曾開一入登並	bok	bə̏k
3737	或	曾合一入登匣	hwok	ɦwə̏k
3738	國	曾合一入登見	kwok	kwək
3739	餩	曾開一入登影	'ok	ʔək
3740	劾	曾開一入登匣	hok	ɦə̏k
3741	䘅	曾開一入登泥	nok	nə̏k
3742	裓	曾開一入登見	kok	kək
3743	墄	曾開一入登清	tshok	tshək
3744	覆	曾開一入登滂	phok	phək
3745	𢃤	曾合一入登曉	xwok	hwək
3746	緝	深開三入侵清	tship	tship
3747	十	深開三入侵常	dzyip	ʃʒȉp
3748	執	深開三入侵章	tsyip	tʃip
3749	習	深開三入侵邪	zip	szȉp
3750	集	深開三入侵從	dzip	dzȉp
3751	入	深開三入侵日	nyip	ʒȉp
3752	揖	深開三入侵影A	'jip	ʔip
3753	溼	深開三入侵書	syip	ʃip
3754	㗱	深開三入侵精	tsip	tsip
3755	及	深開三入侵羣B	gip	gȉp
3756	蟄	深開三入侵澄	drip	dʒȉp
3757	縶	深開三入侵知	trip	tʃip
3758	立	深開三入侵來	lip	lȉp
3759	急	深開三入侵見B	kip	kip
3760	岌	深開三入侵疑B	ngip	ŋjȉp
3761	泣	深開三入侵溪B	khip	khip
3762	𩎕	深開三入侵心	sip	sip
3763	歰	深開三入侵生	srip	ʂəp
3764	吸	深開三入侵曉B	xip	hip
3765	戢	深開三入侵莊	tsrip	ʈʂəp
3766	邑	深開三入侵影B	'ip	ʔip
3767	湁	深開三入侵徹	trhip	tʃhip
3768	煜	深開三入侵云	hip	jȉp
3769	熠	深開三入侵以	yip	jȉp
3770	孨	深開三入侵孃	nrip	nȉp
3771	霵	深開三入侵崇	dzrip	ɖʐə̏p
3772	𩾳	深開三入侵並B	bip	bȉp
3773	鵖	深開三入侵幫B	pip	pip
3774	㞚	深開三入侵初	tsrhip	ʈʂhəp
3775	卙	深開三入侵昌	tsyhip	tʃhip
3776	合	咸開一入覃匣	hop	ɦɔ̏p
3777	閤	咸開一入覃見	kop	kɔp
3778	答	咸開一入覃端	top	tap
3779	趿	咸開一入覃心	sop	sap
3780	沓	咸開一入覃定	dop	dȁp
3781	錔	咸開一入覃透	thop	thap
3782	雜	咸開一入覃從	dzop	dzȁp
3783	帀	咸開一入覃精	tsop	tsap
3784	拉	咸開一入覃來	lop	lȁp
3785	納	咸開一入覃泥	nop	nȁp
3786	溘	咸開一入覃溪	khop	khɔp
3787	姶	咸開一入覃影	'op	ʔɔp
3788	欱	咸開一入覃曉	xop	hɔp
3789	㬎	咸開一入覃疑	ngop	ŋɔ̏p
3790	䟃	咸開一入覃清	tshop	tshap
3791	遪	咸開一入覃常	dzyop	ʃʒȁp
3792	唈	咸開一入覃影	'op	ʔɔp
3793	盍	咸開一入談匣	hap	ɦɔ̏p
3794	臘	咸開一入談來	lap	lȁp
3795	㿴	咸開一入談端	tap	tap
3796	榻	咸開一入談透	thap	thap
3797	𣣹	咸開一入談曉	xap	hɔp
3798	魶	咸開一入談泥	nap	nȁp
3799	蹋	咸開一入談定	dap	dȁp
3800	𠎷	咸開一入談心	sap	sap
3801	儑	咸開一入談疑	ngap	ŋɔ̏p
3802	䪞	咸開一入談從	dzap	dzȁp
3803	䫦	咸開一入談見	kap	kɔp
3804	榼	咸開一入談溪	khap	khɔp
3805	鰪	咸開一入談影	'ap	ʔɔp
3806	囃	咸開一入談清	tshap	tshap
3807	砝	咸開一入談見	kap	kɔp
3808	譫	咸開一入談章	tsyap	tʃap
3809	葉	咸開三入鹽以	yep	jiɛ̏p
3810	接	咸開三入鹽精	tsjep	tsiɛp
3811	攝	咸開三入鹽書	syep	ʃiɛp
3812	涉	咸開三入鹽常	dzyep	ʃʒiɛ̏p
3813	獵	咸開三入鹽來	ljep	liɛ̏p
3814	捷	咸開三入鹽從	dzjep	dziɛ̏p
3815	䐑	咸開三入鹽澄	drjep	dʒiɛ̏p
3816	𢽱	咸開三入鹽影B	'jep	ʔiɛp
3817	聶	咸開三入鹽孃	nrjep	niɛ̏p
3818	謵	咸開三入鹽昌	tsyhep	tʃhiɛp
3819	讘	咸開三入鹽日	nyep	ʒiɛ̏p
3820	讋	咸開三入鹽章	tsyep	tʃiɛp
3821	妾	咸開三入鹽清	tshjep	tshiɛp
3822	鍤	咸開三入鹽徹	trhjep	tʃhiɛp
3823	衱	咸開三入鹽羣B	gjep	giɛ̏p
3824	輒	咸開三入鹽知	trjep	tʃiɛp
3825	曄	咸開三入鹽云	hjep	jiɛ̏p
3826	𤷾	咸開三入鹽溪A	khjiep	khiɛp
3827	萐	咸開三入鹽生	srjep	ʂap
3828	𦀖	咸開三入鹽見B	kjep	kiɛp
3829	魘	咸開三入鹽影A	'jiep	ʔiɛp
3830	怗	咸開四入添透	thep	thiɛp
3831	協	咸開四入添匣	hep	ɦiɛ̏p
3832	頰	咸開四入添見	kep	kiɛp
3833	愜	咸開四入添溪	khep	khiɛp
3834	牒	咸開四入添定	dep	diɛ̏p
3835	苶	咸開四入添泥	nep	niɛ̏p
3836	燮	咸開四入添心	sep	siɛp
3837	㼲	咸開四入添來	lep	liɛ̏p
3838	聑	咸開四入添端	tep	tiɛp
3839	䕹	咸開四入添從	dzep	dziɛ̏p
3840	浹	咸開四入添精	tsep	tsiɛp
3841	弽	咸開四入添曉	xep	hiɛp
3842	䢡	咸開四入添心	sep	siɛp
3843	洽	咸開二入咸匣	heap	ɦiȁp
3844	恰	咸開二入咸溪	kheap	khiap
3845	𥯦	咸開二入咸崇	dzreap	ɖʐȁp
3846	夾	咸開二入咸見	keap	kiap
3847	眨	咸開二入咸莊	tsreap	ʈʂap
3848	插	咸開二入咸初	tsrheap	ʈʂhap
3849	㘝	咸開二入咸孃	nreap	nȁp
3850	䶎	咸開二入咸曉	xeap	hiap
3851	霎	咸開二入咸生	sreap	ʂap
3852	劄	咸開二入咸知	treap	ʈʂap
3853	𨂁	咸開二入咸影	'eap	ʔiap
3854	䀴	咸開二入咸疑	ngeap	ŋjiȁp
3855	𥃐	咸開二入咸徹	trheap	ʈʂhap
3856	狎	咸開二入銜匣	haep	ɦiȁp
3857	𠗨	咸開二入銜澄	draep	ɖʐȁp
3858	鴨	咸開二入銜影	'aep	ʔiap
3859	甲	咸開二入銜見	kaep	kiap
3860	翣	咸開二入銜生	sraep	ʂap
3861	呷	咸開二入銜曉	xaep	hiap
3862	業	咸開三入嚴疑	ngjaep	ŋjiɛ̏p
3863	脅	咸開三入嚴曉	xjaep	hiɛp
3864	怯	咸開三入嚴溪	khjaep	khiɛp
3865	劫	咸開三入嚴見	kjaep	kiɛp
3866	腌	咸開三入嚴影	'jaep	ʔiɛp
3867	殜	咸開三入嚴以	yaep	jiɛ̏p
3868	跲	咸開三入嚴羣	gjaep	giɛ̏p
3869	乏	咸合三入凡並	bjop	fvȁp
3870	法	咸合三入凡幫	pjop	fap
3871	𥎰	咸合三入凡滂	phjop	fap
3872	猲	咸合三入凡溪	khjop	khyuɛp
3873	䎎	咸合三入凡孃	nrjop	nyuɛ̏p
3874	𦑣	咸合三入凡徹	trhjop	tʃhyuɛp
